id,standard,alternative,english
1,Abaty Cwm-hir,,"Abbey Cwm-hir"
2,Aberaeron,,Aberaeron
3,Aberafan,,Aberafan
4,Aberaman,,Aberaman
5,Aberangell,,Aberangell
6,Aberarad,,Aberarad
7,Aber-arth,,Aber-arth
8,Aber-bach,,"Little Haven"
9,Aber-banc,,Aber-banc
10,Aberbargod,Aberbargoed,Aberbargoed
11,Aberbechan,,Aberbechan
12,Aberbîg,,Aberbeeg
13,Aberbowlan,,Aberbowlan
14,Aberbrân,,Aberbrân
15,Abercannaid,,Abercannaid
16,Aber-carn,,Aber-carn
17,Abercastell,,Abercastell
18,Abercegyr,,Abercegyr
19,Aberchwiler,,Aberwheeler
20,Aberclydach,,Aberclydach
21,Aberclydach,,Aberclydach
22,Aber-craf,,Abercrave
23,Abercregan,,Abercregan
24,Aber-cuch,,Aber-cuch
25,Abercwmboi,,Abercwmboi
26,Abercynffig,,Aberkenfig
27,Abercynon,,Abercynon
28,Abercywarch,,Abercywarch
29,Aberdâr,,Aberdare
30,Aberdaron,,Aberdaron
31,Aberdaugleddau,,"Milford Haven"
32,Aberdesach,,Aberdesach
33,Aberduar,,Aberduar
34,Aberdulais,,Aberdulais
35,Aberdyfi,,Aberdyfi
36,Aberedw,,Aberedw
37,Abereiddi,,Abereiddi
38,Aber-erch,,Aber-erch
39,Aberfan,,Aberfan
40,Aber-ffrwd,,Aber-ffrwd
41,Aber-ffrwd,,Aber-ffrwd
42,Abergarw,,Abergarw
43,Abergarwed,,Abergarwed
44,Abergeirw,,Abergeirw
45,Abergele,,Abergele
46,Abergiâr,,Abergiâr
47,Aberglaslyn,,Aberglaslyn
48,Aberglasne,,Aberglasney
49,Abergorci,,Abergorci
50,Abergorlech,,Abergorlech
51,Abergwaun,,Fishguard
52,Abergwenffrwd,,Whitebrook
53,Abergwesyn,,Abergwesyn
54,Abergwidol,,Abergwidol
55,Abergwili,,Abergwili
56,Abergwynfi,,Abergwynfi
57,Abergwyngregyn,,Abergwyngregyn
58,Abergynolwyn,,Abergynolwyn
59,Aberhafesb,,Aberhafesb
60,Aberhalen,,Aberhalen
61,Aberhonddu,,Brecon
62,Aberhosan,,Aberhosan
63,Aber-lash,,Aber-lash
64,Aberllefenni,,Aberllefenni
65,Aberllolwyn,,Aberllolwyn
66,Aberllydan,,"Broad Haven"
67,Aberllynfi,,"Three Cocks"
68,Aber-mad,,Aber-mad
69,Abermagwr,,Abermagwr
70,Abermeurig,,Abermeurig
71,Aber-miwl,,Abermule
72,Abermor-ddu,,Abermor-ddu
73,Aber-nant,,Aber-nant
74,Aber-nant,,Aber-nant
75,Aber-nant,,Aber-nant
76,Aber-oer,,Aber-oer
77,Aberogwr,,Ogmore-by-sea
78,Aberpennar,,"Mountain Ash"
79,Aber-porth,,Aber-porth
80,Aber-pwll,,Aber-pwll
81,Aberriw,,Berriew
82,Abersoch,,Abersoch
83,Abersychan,,Abersychan
84,Abertawe,,Swansea
85,Aberteifi,,Cardigan
86,Aberthin,,Aberthin
87,Abertridwr,,Abertridwr
88,Abertridwr,,Abertridwr
89,Abertrinant,,Abertrinant
90,Abertyleri,,Abertillery
91,Abertyswg,,Abertyswg
92,Aberysgir,,Aberysgir
93,Aberystwyth,,Aberystwyth
94,Achddu,,Achddu
95,Acre-fair,,Acre-fair
96,Acstyn,,Axton
97,Adamsdown,,Adamsdown
98,Adfa,,Adfa
99,Afoneitha,,Afoneitha
100,Afon-wen,,Afon-wen
101,Afon-wen,,Afon-wen
102,"Albert Town",,"Albert Town"
103,Allt,,Allt
104,"Allt y Main",,"Allt y Main"
105,Alltami,,Alltami
106,Allteuryn,,Goldcliff
107,Alltmelyd,,Meliden
108,Alltwalis,,Alltwalis
109,Allt-wen,,Allt-wen
110,Alltyblaca,,Alltyblaca
111,Alltyrodyn,,Alltyrodyn
112,Allt-yr-ynn,,Allt-yr-ynn
113,Alport,,Alport
114,Alway,,Alway
115,Amlwch,,Amlwch
116,Amroth,,Amroth
117,Anelog,,Anelog
118,Angle,,Angle
119,Arberth,,Narberth
120,Ardd-lin,,Arddleen
121,Argoed,,Argoed
122,Arthog,,Arthog
123,"Yr As Fawr",,Monknash
124,Ashfield,,Ashfield
125,Aston,,Aston
126,Atpar,,Atpar
127,Babel,,Babel
128,Babell,,Babell
129,Bachau,,Bachau
130,Bachygwreiddyn,,Bachygwreiddyn
131,"Bae Cinmel",,"Kinmel Bay"
132,"Bae Colwyn",,"Colwyn Bay"
133,Bagillt,,Bagillt
134,Baglan,,Baglan
135,"Y Bala",,"Y Bala"
136,Ballan,,Ballan
137,Bancffosfelen,,Bancffosfelen
138,Bancycapel,,Bancycapel
139,Bancydarren,,Bancydarren
140,Bancyfelin,,Bancyfelin
141,Banc-y-ffordd,,Banc-y-ffordd
142,Bancymansel,,Bancymansel
143,Baneswell,,Baneswell
144,Bangor,,Bangor
145,"Bangor Is-coed",,Bangor-on-Dee
146,"Bangor Teifi",,"Bangor Teifi"
147,"Bangor Uchaf",,"Upper Bangor"
148,Banwen,,Banwen
149,"Barbadoes Green",,"Barbadoes Green"
150,Bargod,Bargoed,Bargoed
151,Barland,,Barland
152,Barnardtown,,Barnardtown
153,"Barrack Hill",,"Barrack Hill"
154,"Y Barri",,Barry
155,Basaleg,,Basaleg
156,"Y Batel",,Battle
157,"Beaufort Hill",,"Beaufort Hill"
158,Beddau,,Beddau
159,Beddgelert,,Beddgelert
160,Bedlinog,,Bedlinog
161,Bedwas,,Bedwas
162,Bedwell,,Bedwell
163,Bedwellte,,Bedwellty
164,Bedw-lwyn,,Bedw-lwyn
165,Beechwood,,Beechwood
166,Began,,Began
167,Begeli,,Begelly
168,"Beggars Pound",,"Beggars Pound"
169,Beili-glas,,Beili-glas
170,Belan,,Belan
171,Belgrano,,Belgrano
172,Bengal,,Bengal
173,Benllech,,Benllech
174,Bentlass,,Bentlass
175,Berllangollen,,Berllangollen
176,Berry,,Berry
177,Bers,,Bersham
178,Berth-ddu,,Berth-ddu
179,Berthen-gam,,Berthen-gam
180,Berth-lwyd,,Berth-lwyd
181,Berwyn,,Berwyn
182,Bethania,,Bethania
183,Bethania,,Bethania
184,Bethel,,Bethel
185,Bethel,,Bethel
186,Bethel,,Bethel
187,Bethesda,,Bethesda
188,Bethesda,,Bethesda
189,"Bethesda Bach",,"Bethesda Bach"
190,Bethlehem,,Bethlehem
191,Bettisfield,,Bettisfield
192,Betws,,Betws
193,Betws,,Betws
194,Betws,,Betws
195,"Betws Bledrws",,"Betws Bledrws"
196,"Betws Garmon",,"Betws Garmon"
197,"Betws Gwerful Goch",,"Betws Gwerful Goch"
198,"Betws Ifan",,"Betws Ifan"
199,"Betws Newydd",,"Betws Newydd"
200,"Y Betws",,"Y Betws"
201,Betws-y-coed,,Betws-y-coed
202,Betws-yn-Rhos,,Betws-yn-Rhos
203,Beulah,,Beulah
204,Beulah,,Beulah
205,"Big Arowry",,"Big Arowry"
206,Bigyn,,Bigyn
207,Bishpool,,Bishpool
208,Biwmares,,Beaumaris
209,"Black Vein",,"Black Vein"
210,Blackpill,,Blackpill
211,Blackrock,,Blackrock
212,Blackrock,,Blackrock
213,"Blaen Nanmor",,"Blaen Nanmor"
214,Blaenafon,,Blaenafon
215,Blaenaman,,Blaenaman
216,Blaenannerch,,Blaenannerch
217,Blaenau,,Blaenau
218,Blaenau,,Blaina
219,"Blaenau Ffestiniog",,"Blaenau Ffestiniog"
220,"Blaenau Gwent",,"Blaenau Gwent"
221,Blaencarno,,Blaencarno
222,Blaencelyn,,Blaencelyn
223,Blaencil-llech,,Blaencil-llech
224,Blaenclydach,,Blaenclydach
225,Blaen-cwm,,Blaen-cwm
226,Blaencwmboi,,Blaencwmboi
227,Blaendulais,,"Seven Sisters"
228,Blaen-ffos,,Blaen-ffos
229,Blaengarw,,Blaengarw
230,Blaengeuffordd,,Blaengeuffordd
231,Blaen-gwawr,,Blaen-gwawr
232,Blaen-gwrach,,Blaen-gwrach
233,Blaengwynfi,,Blaengwynfi
234,Blaenhalen,,Blaenhalen
235,Blaenhonddan,,Blaenhonddan
236,Blaenllechau,,Blaenllechau
237,Blaen-nos,,Blaen-nos
238,Blaenpennal,,Blaenpennal
239,Blaen-plwyf,,Blaen-plwyf
240,Blaen-porth,,Blaen-porth
241,Blaenrhondda,,Blaenrhondda
242,Blaenrhymni,,Blaenrhymni
243,Blaen-waun,,Blaen-waun
244,Blaen-waun,,Blaen-waun
245,Blaen-y-coed,,Blaen-y-coed
246,Blaen-y-cwm,,"Mountain Air"
247,Bleddfa,,Bleddfa
248,"Blue Anchor",,"Blue Anchor"
249,Bochrwyd,,Boughrood
250,Bodedern,,Bodedern
251,Bodelwyddan,,Bodelwyddan
252,Bodewryd,,Bodewryd
253,Bodfari,,Bodfari
254,Bodffordd,,Bodffordd
255,Bodorgan,,Bodorgan
256,Bodringallt,,Bodringallt
257,Boduan,,Boduan
258,Bodwrog,,Bodwrog
259,Bola-haul,,Bola-haul
260,Bolgoed,,Bolgoed
261,Boncath,,Boncath
262,Bont,,Bont
263,"Y Bont-ddu",,"Y Bont-ddu"
264,Bontdolgadfan,,Bontdolgadfan
265,"Y Bont-faen",,Cowbridge
266,"Y Bont-faen",,Forge
267,Bont-fawr,,Bont-fawr
268,Bont-goch,,Bont-goch
269,Bontnewydd,,Bontnewydd
270,Bontnewydd,,Bontnewydd
271,"Y Bontnewydd",,"Y Bontnewydd"
272,"Y Bontnewydd",,"Y Bontnewydd"
273,"Y Bontnewydd-ar-Wy",,"Newbridge on Wye"
274,Bontuchel,,Bontuchel
275,Bôn-y-maen,,Bôn-y-maen
276,Borras,,Borras
277,"Y Borth Uchaf",,"Upper Borth"
278,"Y Borth",,"Y Borth"
279,Borth-y-Gest,,Borth-y-Gest
280,Bosherston,,Bosherston
281,"Botany Bay",,"Botany Bay"
282,Botwnnog,,Botwnnog
283,Boulston,,Boulston
284,Bourneville,,Bourneville
285,"Bow Street",,"Bow Street"
286,"Bowling Bank",,"Bowling Bank"
287,Box,,Box
288,"Boys Village",,"Boys Village"
289,Bracla,,Brackla
290,Bradle,,Bradley
291,Braichmelyn,,Braichmelyn
292,Braichtalog,,Braichtalog
293,Braichycymer,,Braichycymer
294,Brechfa,,Brechfa
295,Bretton,,Bretton
296,Breudeth,,Brawdy
297,Bridell,,Bridell
298,Britannia,,Britannia
299,Brithdir,,Brithdir
300,Brithdir,,Brithdir
301,British,,British
302,Broadlay,,Broadlay
303,Broadmoor,,Broadmoor
304,Broadoak,,Broadoak
305,Broadstone,,Broadstone
306,"Broadstreet Common",,"Broadstreet Common"
307,Broadway,,Broadway
308,Broadway,,Broadway
309,Broadway,,Broadway
310,Brombil,,Brombil
311,Bronaber,,Bronaber
312,Bronant,,Bronant
313,Brongest,,Brongest
314,Bron-gwyn,,Bron-gwyn
315,Bronington,,Bronington
316,Bronllys,,Bronllys
317,Bronnydd,,Bronnydd
318,Bronwydd,,Bronwydd
319,Bronwydd,,Bronwydd
320,Bronwylfa,,Bronwylfa
321,Bron-y-môr,,Bron-y-môr
322,Brook,,Brook
323,Brychdwn,,Broughton
324,Brychdyn,,Broughton
325,Brymbo,,Brymbo
326,Brymbo,,Brymbo
327,Bryn,,Bryn
328,Bryn,,Bryn
329,Bryn,,Bryn
330,"Bryn Offa",,"Bryn Offa"
331,"Bryn Pen-y-lan",,"Bryn Pen-y-lan"
332,Brynafan,,Brynafan
333,Brynaman,,Brynaman
334,"Brynaman Isaf",,"Lower Brynaman"
335,"Brynaman Uchaf",,"Brynaman Uchaf"
336,Brynawel,,Brynawel
337,Brynberian,,Brynberian
338,Brynbryddan,,Brynbryddan
339,Brynbuga,,Usk
340,Brynbwbach,,Brynbwbach
341,Bryn-cae,,Bryn-cae
342,Bryncelyn,,Bryncelyn
343,Bryncethin,,Bryncethin
344,Bryncir,,Bryncir
345,Bryn-coch,,Bryn-coch
346,Bryn-coch,,Bryn-coch
347,Bryncoedifor,,Bryncoedifor
348,Bryncroes,,Bryncroes
349,Bryn-crug,,Bryn-crug
350,Bryncynfelyn,,Bryncynfelyn
351,Bryn-du,,Bryn-du
352,Bryn-du,,Bryn-du
353,Bryneglwys,,Bryneglwys
354,Bryneglwys,,Bryneglwys
355,Brynffordd,,Brynford
356,Bryn-glas,,Bryn-glas
357,Bryngwenin,,Bryngwenin
358,Bryngwran,,Bryngwran
359,Bryngwyn,,Bryngwyn
360,Bryn-gwyn,,Bryn-gwyn
361,Brynhenllan,,Brynhenllan
362,Brynheulog,,Brynheulog
363,Brynhoffnant,,Brynhoffnant
364,Brynhovah,,Brynhovah
365,Brynhyfryd,,Summerhill
366,Brynhyfryd,,Brynhyfryd
367,Bryniau,,Bryniau
368,Bryniau,,Bryniau
369,Brynithel,,Brynithel
370,Bryn-llwyd,,Bryn-llwyd
371,Bryn-mawr,,Bryn-mawr
372,Bryn-mawr,,Bryn-mawr
373,Bryn-mawr,,Bryn-mawr
374,Brynmenyn,,Brynmenyn
375,Brynmill,,Brynmill
376,Brynmyrddin,,Brynmyrddin
377,Brynna,,Brynna
378,Brynnaugwynion,,Brynnaugwynion
379,Bryn-newydd,,Bryn-newydd
380,Brynrefail,,Brynrefail
381,Brynsadler,,Brynsadler
382,Brynsaithmarchog,,Brynsaithmarchog
383,Brynsiencyn,,Brynsiencyn
384,Bryn-teg,,Bryn-teg
385,Bryn-teg,,Bryn-teg
386,Bryn-teg,,Bryn-teg
387,Brynteifi,,Brynteifi
388,Bryntelych,,Bryntelych
389,Bryntirion,,Bryntirion
390,Bryn-y-bâl,,Bryn-y-bâl
391,Bryn-y-maen,,Bryn-y-maen
392,Brynyreos,,Brynyreos
393,Buckholt,,Buckholt
394,Bugeildy,,Beguildy
395,"Bullyhole Bottom",,"Bullyhole Bottom"
396,Bulwark,,Bulwark
397,Burdonshill,,Burdonshill
398,Burlingjobb,,Burlingjobb
399,"Burntwood Pentre",,"Burntwood Pentre"
400,Burry,,Burry
401,"Burry Green",,"Burry Green"
402,Burton,,Burton
403,Burton,,Burton
404,"Burton Ferry",,"Burton Ferry"
405,Burwen,,Burwen
406,Bwcle,,Buckley
407,Bwlch,,Bwlch
408,Bwlchderwin,,Bwlchderwin
409,Bwlch-gwyn,,Bwlch-gwyn
410,Bwlch-llan,,Bwlch-llan
411,Bwlchnewydd,,Bwlchnewydd
412,Bwlchtocyn,,Bwlchtocyn
413,Bwlchycibau,,Bwlchycibau
414,Bwlch-y-ddâr,,Bwlch-y-ddâr
415,Bwlchyfadfa,,Bwlchyfadfa
416,Bwlch-y-ffridd,,Bwlch-y-ffridd
417,Bwlch-y-groes,,Bwlch-y-groes
418,Bwlch-y-groes,,Bwlch-y-groes
419,Bwlch-y-llyn,,Bwlch-y-llyn
420,Bwlchymynydd,,Bwlchymynydd
421,Bwlchysarnau,,Bwlchysarnau
422,"Bwrdd Arthur",,"Bwrdd Arthur"
423,Byeastwood,,Byeastwood
424,Bylchau,,Bylchau
425,Cadle,,Cadle
426,"Cadney Bank",,"Cadney Bank"
427,Cadole,,Cadole
428,Cae’r-bryn,,Cae’r-bryn
429,Caeathro,,Caeathro
430,Cae-clyd,,Cae-clyd
431,Cae-draw,,Cae-draw
432,Caeharris,,Caeharris
433,Caehopkin,,Caehopkin
434,Cae-mawr,,Cae-mawr
435,Cae-mawr,,Cae-mawr
436,Caeo,,Caeo
437,"Caer Beris",,"Caer Beris"
438,"Caer Din",,"Caer Din"
439,"Caer Du",,"Caer Du"
440,"Caer Estyn",,"Caer Estyn"
441,"Caer Fawr",,"Caer Fawr"
442,Caeraca,,Caeraca
443,Caerau,,Caerau
444,Caerau,,Caerau
445,"Caerau Park",,"Caerau Park"
446,Cae'r-bont,,Cae'r-bont
447,Caerdeon,,Caerdeon
448,Caerdydd,,Cardiff
449,Caereithin,,Caereithin
450,Caerfarchell,,Caerfarchell
451,Caerffili,,Caerphilly
452,Caerfyrddin,,Carmarthen
453,Caergeiliog,,Caergeiliog
454,Caergwrle,,Caergwrle
455,Caergybi,,Holyhead
456,Caerhendy,,Caerhendy
457,Caerhun,,Caerhun
458,Caerhun,,Caerhun
459,Caerhywel,,Caerhywel
460,Caeriw,,Carew
461,Cae'r-lan,,Cae'r-lan
462,Caerllion,,Caerleon
463,Caermead,,Caermead
464,Caernarfon,,Caernarfon
465,Caersŵs,,Caersŵs
466,Caerwedros,,Caerwedros
467,Caer-went,,Caer-went
468,Caerwys,,Caerwys
469,"Caggle Street",,"Caggle Street"
470,Caim,,Caim
471,Calcoed,,Calcoed
472,Caletwr,,Caletwr
473,Camlan,,Camlan
474,Camnant,,Camnant
475,"Camp Hill",,"Camp Hill"
476,Camros,,Camros
477,Cantref,,Cantref
478,Capel,,Capel
479,"Capel Bangor",,"Capel Bangor"
480,"Capel Betws Leucu",,"Capel Betws Leucu"
481,"Capel Coch",,"Capel Coch"
482,"Capel Curig",,"Capel Curig"
483,"Capel Cynon",,"Capel Cynon"
484,"Capel Dewi",,"Capel Dewi"
485,"Capel Dewi",,"Capel Dewi"
486,"Capel Dewi",,"Capel Dewi"
487,"Capel Garmon",,"Capel Garmon"
488,"Capel Gwyn",,"Capel Gwyn"
489,"Capel Gwynfe",,"Capel Gwynfe"
490,"Capel Hendre",,"Capel Hendre"
491,"Capel Isaac",,"Capel Isaac"
492,"Capel Isaf",,"Lower Chapel"
493,"Capel Iwan",,"Capel Iwan"
494,"Capel Llanilltern",,"Capel Llanilltern"
495,"Capel Madog",,"Capel Madog"
496,"Capel Mawr",,"Capel Mawr"
497,"Capel Newydd",,Newchapel
498,"Capel Parc",,"Capel Parc"
499,"Capel Seion",,"Capel Seion"
500,"Capel Seion",,"Capel Seion"
501,"Capel Tygwydd",,"Capel Tygwydd"
502,"Capel Uchaf",,"Capel Uchaf"
503,"Capel Uchaf",,"Upper Chapel"
504,"Capel Ulo",,"Capel Ulo"
505,Capel-y-ffin,,Capel-y-ffin
506,Capel-y-ffin,,Capel-y-ffin
507,Carcwm,,Carcwm
508,"Carew Cheriton",,"Carew Cheriton"
509,"Carew Newton",,"Carew Newton"
510,Carmel,,Carmel
511,Carmel,,Carmel
512,Carmel,,Carmel
513,Carmel,,Carmel
514,Carmel,,Carmel
515,"Carn Owen",,"Carn Owen"
516,"Carn Penrhiwllwydog",,"Carn Penrhiwllwydog"
517,"Carn Ricet",,"Carn Ricet"
518,"Carn y Castell",,"Carn y Castell"
519,"Carn y Geifr",,"Carn y Geifr"
520,"Carnau Cefn-y-ffordd",,"Carnau Cefn-y-ffordd"
521,Carnedd,,Carnedd
522,"Carnedd Wen",,"Carnedd Wen"
523,Carnetown,,Carnetown
524,Carn-glas,,Carn-glas
525,Carnhedryn,,Carnhedryn
526,Carno,,Carno
527,"Carreg Cennen",,"Carreg Cennen"
528,"Carreg Wen",,"Carreg Wen"
529,Carreg-lefn,,Carreg-lefn
530,Carreg-wen,,Carreg-wen
531,Carreg-y-gath,,Carreg-y-gath
532,Carrog,,Carrog
533,"Carrow Hill",,"Carrow Hill"
534,Carwe,,Carwe
535,Cas-bach,,Castleton
536,Cas-fuwch,,Castlebythe
537,Casgob,,Casgob
538,Cas-gwent,,Chepstow
539,Cas-lai,,Hayscastle
540,Casllwchwr,,Loughor
541,Cas-mael,,Puncheston
542,Casmorys,,"Castle Morris"
543,Casnewydd,,Newport
544,Casnewydd-bach,,"Little Newcastle"
545,"Castell Caereinion",,"Castle Caereinion"
546,Castellau,,Castellau
547,Castelldwyran,,Castelldwyran
548,Castellmartin,,Castlemartin
549,Castell-nedd,,Neath
550,Castellnewydd,,Newcastle
551,Castellnewydd,,Newcastle
552,"Castellnewydd Emlyn",,"Newcastle Emlyn"
553,Castell-paen,,Painscastle
554,Castell-y-bwch,,Castell-y-bwch
555,Castellyrhingyll,,Castellyrhingyll
556,Castle-upon-Alun,,Castle-upon-Alun
557,Caswell,,Caswell
558,Cas-wis,,Wiston
559,Catbrook,,Catbrook
560,Cathays,,Cathays
561,Cathedine,,Cathedine
562,"Cats Ash",,"Cats Ash"
563,"Cefn Fforest",,"Cefn Fforest"
564,"Cefn Hengoed",,"Cefn Hengoed"
565,"Cefn Mabli",,"Cefn Mably"
566,"Cefn Mawr",,"Cefn Mawr"
567,"Cefn Rhigos",,"Cefn Rhigos"
568,Cefnberain,,Cefnberain
569,Cefn-brith,,Cefn-brith
570,Cefn-brith,,Cefn-brith
571,Cefn-brith,,Cefn-brith
572,Cefn-bryn-brain,,Cefn-bryn-brain
573,Cefnbychan,,Cefnbychan
574,Cefncaeau,,Cefncaeau
575,Cefncanol,,Cefncanol
576,Cefn-coch,,Cefn-coch
577,Cefncoedycymer,Cefn-coed,Cefncoedycymer
578,Cefn-crib,,Cefn-crib
579,Cefncribwr,,Cefncribwr
580,Cefnddwygraig,,Cefnddwygraig
581,Cefnddwysarn,,Cefnddwysarn
582,Cefneithin,,Cefneithin
583,Cefn-glas,,Cefn-glas
584,Cefngolau,,Cefngolau
585,Cefngorwydd,,Cefngorwydd
586,Cefnhengoed,,Cefnhengoed
587,Cefn-llwyd,,Cefn-llwyd
588,Cefnllyfnog,,Cefnllyfnog
589,Cefn-mawr,,Cefn-mawr
590,Cefnpennar,,Cefnpennar
591,Cefnpentre,,Cefnpentre
592,Cefn-y-bedd,,Cefn-y-bedd
593,Cefn-y-coed,,Cefn-y-coed
594,Cefn-y-garth,,Cefn-y-garth
595,Cefn-y-pant,,Cefn-y-pant
596,Cefn-y-pant,,Pantside
597,Cegidfa,,Guilsfield
598,"Cei Connah",,"Connah's Quay"
599,"Cei Lawrenni",,"Lawrenny Quay"
600,"Cei’r Trallwng",,"Pool Quay"
601,Cei-bach,,Cei-bach
602,Ceidio,,Ceidio
603,Ceinewydd,,"New Quay"
604,Ceint,,Ceint
605,Ceinws,,Ceinws
606,Cellan,,Cellan
607,Celstryn,,Kelsterton
608,Celynnen,,Celynnen
609,Cemaes,,Cemaes
610,Cemaes,,Cemaes
611,"Cemais Comawndwr",,"Kemeys Commander"
612,"Cemais Isaf",,"Kemeys Inferior"
613,Cemlyn,,Cemlyn
614,Cenarth,,Cenarth
615,Cendl,,Beaufort
616,Cennin,,Cennin
617,Ceri,,Kerry
618,Cerist,,Cerist
619,Cerrigceinwen,,Cerrigceinwen
620,Cerrigllwydion,,Cerrigllwydion
621,Cerrigydrudion,,Cerrigydrudion
622,Ceunant,,Ceunant
623,"Chapel of Ease",,"Chapel of Ease"
624,Chatham,,Chatham
625,Cheltenham,,Cheltenham
626,Cheriton,,Cheriton
627,Chippenham,,Chippenham
628,Chwilog,,Chwilog
629,Chwitffordd,,Whitford
630,Cicelyford,,Cicelyford
631,Cilâ,,Killay
632,"Cilâ Uchaf",,"Upper Killay"
633,Cilan,,Cilan
634,Cilau,,Cilau
635,Cilcain,,Cilcain
636,Cilcennin,,Cilcennin
637,Cilcewydd,,Cilcewydd
638,Cilfái,,Kilvey
639,Cil-ffriw,,Cil-ffriw
640,Cilfodan,,Cilfodan
641,Cilfynydd,,Cilfynydd
642,Cilgerran,,Cilgerran
643,Cilgeti,,Kilgetty
644,Cilgwrrwg,,Cilgwrrwg
645,Cilgwyn,,Cilgwyn
646,Cilgwyn,,Cilgwyn
647,"Ciliau Aeron",,"Ciliau Aeron"
648,Cilmaen-gwyn,,Cilmaen-gwyn
649,Cilmeri,,Cilmeri
650,Cilrhedyn,,Cilrhedyn
651,Cilrhedyn,,Cilrhedyn
652,Cilsân,,Cilsân
653,Ciltalgarth,,Ciltalgarth
654,Cilybebyll,,Cilybebyll
655,Cil-y-coed,,Caldicot
656,Cil-y-cwm,,Cil-y-cwm
657,Cilymaenllwyd,,Cilymaenllwyd
658,Cimla,,Cimla
659,Cipin,,Cipin
660,City,,City
661,Clarach,,Clarach
662,Clarbeston,,Clarbeston
663,"Clarbeston Road",,"Clarbeston Road"
664,"Y Clas",,Clase
665,"Y Clas-ar-Wy",,Glasbury
666,Clawdd-coch,,Clawdd-coch
667,Clawddnewydd,,Clawddnewydd
668,Clawddponcen,,Clawddponcen
669,Cleddon,,Cleddon
670,Cleidda,,Clytha
671,Cleirwy,,Clyro
672,Clocaenog,,Clocaenog
673,Cloddiau,,Cloddiau
674,Cloigyn,,Cloigyn
675,Clun,,Clyne
676,Clunderwen,,Clunderwen
677,Clun-du,,Clun-du
678,Clwt-y-bont,,Clwt-y-bont
679,"Clwyd Gwilym",,"Clwyd Gwilym"
680,Clwydyfagwyr,,Clwydyfagwyr
681,Clydach,,Clydach
682,Clydach,,Clydach
683,Clydach,,Clydach
684,"Clydach Terrace",,"Clydach Terrace"
685,"Clynnog Fawr",,"Clynnog Fawr"
686,"Clytha Park",,"Clytha Park"
687,Cnwch-coch,,Cnwch-coch
688,Cnwclas,,Knucklas
689,Cnwcylili,,Cnwcylili
690,Coalbrook,,Coalbrook
691,"Cobblers Plain",,"Cobblers Plain"
692,"Cock Bank",,"Cock Bank"
693,"Y Cocyd",,Cockett
694,"Coed Gwent",,Wentwood
695,Coedana,,Coedana
696,Coedcae,,Coedcae
697,Coedcae,,Coedcae
698,Coedcernyw,,Coedkernew
699,Coedcwnwr,,Coedcwnwr
700,Coed-duon,,Blackwood
701,Coedelái,,Coed-ely
702,Coed-llai,,Leeswood
703,Coed-mawr,,Coed-mawr
704,Coedmorgan,,Coedmorgan
705,Coed-poeth,,Coed-poeth
706,Coed-talon,,Coed-talon
707,Coedway,,Coedway
708,Coed-y-brain,,Coed-y-brain
709,Coedybrenin,,Kingswood
710,Coed-y-bryn,,Coed-y-bryn
711,Coedycaerau,,Coedycaerau
712,Coedyfedw,,Coedyfedw
713,Coed-y-paen,,Coed-y-paen
714,Coed-y-parc,,Coed-y-parc
715,Coed-yr-iarll,,Earlswood
716,Coedystumgwern,,Coedystumgwern
717,Coelbren,,Coelbren
718,Coety,,Coity
719,Cog,,Cog
720,Cogan,,Cogan
721,Colcot,,Colcot
722,"Cold Blow",,"Cold Blow"
723,"Cold Inn",,"Cold Inn"
724,Coldbrook,,Coldbrook
725,Coldra,,Coldra
726,Colfa,,Colfa
727,Colston,,Colston
728,"Comin Cefn-llwyn",,"Comin Cefn-llwyn"
729,"Comin Llanddinol",,"Itton Common"
730,"Comin Llanfihangel Troddi",,"Mitchel Troy Common"
731,Comins-coch,,Comins-coch
732,Comins-coch,,Comins-coch
733,Commonwood,,Commonwood
734,Common-y-coed,,Common-y-coed
735,Congl-y-wal,,Congl-y-wal
736,Conwy,,Conwy
737,Coopers,,Coopers
738,Corlannau,,Corlannau
739,"Corneli Waelod",,"South Cornelly"
740,Corntwn,,Corntown
741,Corris,,Corris
742,"Corris Uchaf",,"Corris Uchaf"
743,Corwen,,Corwen
744,Coryton,,Coryton
745,Cosheston,,Cosheston
746,Cosmeston,,Cosmeston
747,"The Cot",,"The Cot"
748,Cotland,,Cotland
749,"Crabtree Green",,"Crabtree Green"
750,Cradoc,,Cradoc
751,Crai,,Crai
752,"Craig Pen-llin",,"Craig Pen-llin"
753,Craig-berth-lwyd,,Craig-berth-lwyd
754,Craig-cefn-parc,,Craig-cefn-parc
755,Craig-y-don,,Craig-y-don
756,Craig-y-dorth,,Craig-y-dorth
757,Craig-y-duke,,Craig-y-duke
758,Craigypenrhyn,,Craigypenrhyn
759,Cregrina,,Cregrina
760,Creigau,,Creigau
761,Creigiau,,Creigiau
762,Creseli,,Cresselly
763,"Crew Green",,"Crew Green"
764,Cribyn,,Cribyn
765,Cricieth,,Cricieth
766,Crindai,,Crindai
767,"Croes Cas-lai",,"Haycastle Cross"
768,"Croes Cwrlwys",,"Culverhouse Cross"
769,"Croes Llanfair",,"Croes Llanfair"
770,Croeserw,,Croeserw
771,Croes-goch,,Croes-goch
772,Croes-hywel,,Croes-hywel
773,Croes-lan,,Croes-lan
774,Croesor,,Croesor
775,Croespenmaen,,Croespenmaen
776,Croesyceiliog,,Croesyceiliog
777,Croesyceiliog,,Croesyceiliog
778,Croesyceiliog,,Croesyceiliog
779,Croes-y-llan,,Croes-y-llan
780,Croesymwyalch,,Croesymwyalch
781,Croes-y-pant,,Croes-y-pant
782,Croes-y-waun,,Croes-y-waun
783,Crofty,,Crofty
784,"Cross Ash",,"Cross Ash"
785,"Cross Hands",,"Cross Hands"
786,"Cross Hands",,"Cross Hands"
787,"Cross Inn",,"Cross Inn"
788,"Cross Inn",,"Cross Inn"
789,"Cross Lanes",,"Cross Lanes"
790,"Cross Oak",,"Cross Oak"
791,Crosshands,,Crosshands
792,Crosskeys,,Crosskeys
793,Crosstown,,Crosstown
794,Crossway,,Crossway
795,"Crossway Green",,"Crossway Green"
796,Crossways,,Crossways
797,"Crowther's Pool",,"Crowther's Pool"
798,Crucadarn,,Crickadarn
799,Crucywel,,Crickhowell
800,Crug,,Crick
801,Crugion,,Criggion
802,Crug-y-bar,,Crug-y-bar
803,Crumblands,,Crumblands
804,Crundale,,Crundale
805,Crwbin,,Crwbin
806,"Y Crwys",,"Three Crosses"
807,Crymlyn,,Crumlin
808,"Crymlyn Burrows",,"Crymlyn Burrows"
809,Crymych,,Crymych
810,Crynwedd,,Crinow
811,"Cuckoos Row",,"Cuckoos Row"
812,Cuffern,,Cuffern
813,"Cumber's Bank",,"Cumber's Bank"
814,"Cupids Hill",,"Cupids Hill"
815,Cutiau,,Cutiau
816,Cuttybridge,,Cuttybridge
817,"Y Cwar",,"The Quar"
818,Cwm,,Cwm
819,Cwm,,Cwm
820,"Cwm Belan",,"Cwm Belan"
821,"Cwm Capel",,"Cwm Capel"
822,"Cwm Penmachno",,"Cwm Penmachno"
823,"The Cwm",,"The Cwm"
824,Cwmafan,,Cwmafan
825,Cwmafon,,Cwmafon
826,Cwmaman,,Cwmaman
827,Cwm-ann,,Cwm-ann
828,Cwm-bach,,Cwm-bach
829,Cwm-bach,,Cwm-bach
830,Cwm-bach,,Cwm-bach
831,Cwmbrân,,Cwmbrân
832,"Cwmbrân Uchaf",,"Upper Cwmbrân"
833,Cwmbrwyno,,Cwmbrwyno
834,Cwmbwrla,,Cwmbwrla
835,Cwm-byr,,Cwm-byr
836,Cwmcarfan,,Cwmcarfan
837,Cwm-carn,,Cwm-carn
838,Cwmcarnhywel,,Cwmcarnhywel
839,Cwmcelyn,,Cwmcelyn
840,Cwmcerdinen,,Cwmcerdinen
841,Cwmcewydd,,Cwmcewydd
842,Cwmclydach,,"Clydach Vale"
843,Cwmcorrwg,,Cwmcorrwg
844,Cwm-cou,,Cwm-cou
845,Cwmcrawnon,,Cwmcrawnon
846,Cwm-cuch,,Cwm-cuch
847,Cwmdâr,,Cwmdare
848,Cwm-du,,Cwm-du
849,Cwm-du,,Cwm-du
850,Cwmduad,,Cwmduad
851,Cwmdulais,,Cwmdulais
852,Cwmdŵr,,Cwmdŵr
853,Cwmdwyfran,,Cwmdwyfran
854,Cwmerfyn,,Cwmerfyn
855,Cwmergyr,,Cwmergyr
856,Cwmfelin,,Cwmfelin
857,Cwmfelin,,Cwmfelin
858,Cwmfelin-boeth,,Cwmfelin-boeth
859,Cwm-felin-fach,,Cwm-felin-fach
860,Cwmfelin-fach,,Cwmfelin-fach
861,Cwmfelinmynach,,Cwmfelinmynach
862,Cwm-ffrwd,,Cwm-ffrwd
863,Cwm-ffrwd-oer,,Cwm-ffrwd-oer
864,Cwmgelli,,Cwmgelli
865,Cwmgïedd,,Cwmgïedd
866,Cwm-gors,,Cwm-gors
867,Cwmgwili,,Cwmgwili
868,Cwm-gwrach,,Cwm-gwrach
869,Cwmheiob,,Cwmheyope
870,Cwmhiraeth,,Cwmhiraeth
871,Cwm-hwnt,,Cwm-hwnt
872,Cwmifor,,Cwmifor
873,Cwm-iou,,Cwmyoy
874,Cwmisfael,,Cwmisfael
875,Cwmllethryd,,Cwmllethryd
876,Cwmlline,,Cwmlline
877,Cwmllynfell,,Cwmllynfell
878,Cwm-mawr,,Cwm-mawr
879,Cwm-miles,,Cwm-miles
880,Cwm-morgan,,Cwm-morgan
881,Cwm-nant-gam,,Cwm-nant-gam
882,Cwm-nant-gwynt,,Cwm-nant-gwynt
883,Cwmnantyrodyn,,Cwmnantyrodyn
884,Cwmoernant,,Cwmoernant
885,Cwmogwr,,"Ogmore Vale"
886,Cwm-parc,,Cwm-parc
887,Cwm-pen-graig,,Cwm-pen-graig
888,Cwmpennar,,Cwmpennar
889,Cwm-rhos,,Cwm-rhos
890,Cwmrhydyceirw,,Cwmrhydyceirw
891,Cwmsychbant,,Cwmsychbant
892,Cwmsyfïog,,Cwmsyfïog
893,Cwmsymlog,,Cwmsymlog
894,"Cwm-twrch Isaf",,"Lower Cwm-twrch"
895,"Cwm-twrch Uchaf",,"Upper Cwm-twrch"
896,Cwmtydu,,Cwmtydu
897,Cwmtyleri,,Cwmtillery
898,Cwmwysg,,Cwmwysg
899,Cwm-y-glo,,Cwm-y-glo
900,Cwm-y-glo,,Cwm-y-glo
901,Cwm-ynys-cou,,Cwm-ynys-cou
902,Cwmyreglwys,,Cwmyreglwys
903,Cwmystwyth,,Cwmystwyth
904,Cwrt,,Cwrt
905,Cwrtcolman,,Cwrtcolman
906,Cwrt-henri,,Cwrt-henri
907,Cwrtnewydd,,Cwrtnewydd
908,Cwrt-sart,,Cwrt-sart
909,Cwrtycadno,,Cwrtycadno
910,Cwrtygollen,,Cwrtygollen
911,Cydweli,,Cydweli
912,Cyfarthfa,,Cyfarthfa
913,"Cyffordd Llandudno",,"Llandudno Junction"
914,Cymau,,Cymau
915,Cymdda,,Cymdda
916,Cymer,,Cymer
917,"Y Cymer",,"Y Cymer"
918,Cymin,,Cymin
919,Cyncoed,,Cyncoed
920,Cyncoed,,Cyncoed
921,Cynffig,,Kenfig
922,Cynghordy,,Cynghordy
923,Cynheidre,,Cynheidre
924,Cynonville,,Cynonville
925,Cyntwell,,Cyntwell
926,Cynwyd,,Cynwyd
927,"Cynwyl Elfed",,"Cynwyl Elfed"
928,Cywarch,,Cywarch
929,Dafen,,Dafen
930,Dale,,Dale
931,Danrhelyg,,Danrhelyg
932,Dan-y-graig,,Dan-y-graig
933,Dardy,,Dardy
934,Darland,,Darland
935,Darowen,,Darowen
936,Darran-las,,Darran-las
937,Darrenfelen,,Darrenfelen
938,Dawn,,Dawn
939,Ddôl,,Ddôl
940,"Y Ddraenen-wen",,Hawthorn
941,Deepweir,,Deepweir
942,Deerland,,Deerland
943,Defynnog,,Defynnog
944,Deganwy,,Deganwy
945,Deiniolen,,Deiniolen
946,Deri,,Deri
947,Derwen,,Derwen
948,Derwen,,Derwen
949,Derwen-fawr,,"Broad Oak"
950,Derwen-fawr,,Derwen-fawr
951,Derwen-gam,,Oakford
952,Derwen-las,,Derwen-las
953,Derwydd,,Derwydd
954,Devauden,,Devauden
955,Dihewyd,,Dihewyd
956,Dimlands,,Dimlands
957,Dinas,,Dinas
958,Dinas,,Dinas
959,Dinas,,Dinas
960,Dinas,,Dinas
961,"Dinas Dinlle",,"Dinas Dinlle"
962,"Dinas Mawddwy",,"Dinas Mawddwy"
963,"Dinas Powys",,"Dinas Powys"
964,Dinbych,,Denbigh
965,Dinbych-y-pysgod,,Tenby
966,Dinmael,,Dinmael
967,Dinorwig,,Dinorwig
968,Diserth,,Diserth
969,"Dobs Hill",,"Dobs Hill"
970,"Doc Penfro",,"Pembroke Dock"
971,"Doc y Barri",,"Barry Dock"
972,Dolanog,,Dolanog
973,Dolau,,Dolau
974,Dolbenmaen,,Dolbenmaen
975,Doldowlod,,Doldowlod
976,Dole,,Dole
977,Dolfor,,Dolfor
978,Dolgadfan,,Dolgadfan
979,Dolgarrog,,Dolgarrog
980,Dolgellau,,Dolgellau
981,Dôl-goch,,Dôl-goch
982,Dolhendre,,Dolhendre
983,"Dolley Green",,"Dolley Green"
984,Dolwyddelan,,Dolwyddelan
985,Dôl-y-bont,,Dôl-y-bont
986,Dôl-y-cae,,Dôl-y-cae
987,Dolycannau,,Dolycannau
988,Dolydd,,Dolydd
989,Dolyronnen,,Dolyronnen
990,Dôl-y-wern,,Dôl-y-wern
991,Domgae,,Domgae
992,Dothan,,Dothan
993,Dowlais,,Dowlais
994,"Dowlais Top",,"Dowlais Top"
995,Downs,,Downs
996,Draethen,,Draethen
997,Dreenhill,,Dreenhill
998,Dre-fach,,Dre-fach
999,Dre-fach,,Dre-fach
1000,Dre-fach,,Dre-fach
1001,Dre-fach,,Dre-fach
1002,"Dre-fach Felindre",,"Dre-fach Felindre"
1003,Drefelin,,Drefelin
1004,"Drenewydd Gelli-farch",,Shirenewton
1005,"Y Drenewydd",,"Bute Town"
1006,"Y Drenewydd",,Newtown
1007,Druidston,,Druidston
1008,Drury,,Drury
1009,"Drury Lane",,"Drury Lane"
1010,Drws-y-coed,,Drws-y-coed
1011,Dryslwyn,,Dryslwyn
1012,Dulas,,Dulas
1013,Dutlas,,Dutlas
1014,"Dŵr Cwmwdig",,"Cwmwdig Water"
1015,Dwygyfylchi,,Dwygyfylchi
1016,"Dwyrain Aberddawan",,"East Aberthaw"
1017,Dwyran,,Dwyran
1018,Dyffryn,,Dyffryn
1019,Dyffryn,,Dyffryn
1020,Dyffryn,,Dyffryn
1021,Dyffryn,,Dyffryn
1022,Dyffryn,,Dyffryn
1023,Dyffryn,,Dyffryn
1024,"Dyffryn Ardudwy",,"Dyffryn Ardudwy"
1025,"Dyffryn Cellwen",,"Dyffryn Cellwen"
1026,"Dyffryn Clydach",,"Dyffryn Clydach"
1027,Dylife,,Dylife
1028,Dyfnant,Dynfant,Dunvant
1029,Dyserth,,Dyserth
1030,"East Bank",,"East Bank"
1031,"East Moors",,"East Moors"
1032,"East Village",,"East Village"
1033,"East Williamston",,"East Williamston"
1034,Eastbrook,,Eastbrook
1035,Edern,,Edern
1036,Edmondstown,,Edmondstown
1037,Edwardsville,,Edwardsville
1038,Efail-fach,,Efail-fach
1039,Efail-fach,,Efail-fach
1040,Efailisaf,,Efailisaf
1041,Efailnewydd,,Efailnewydd
1042,Efail-rhyd,,Efail-rhyd
1043,Efail-wen,,Efail-wen
1044,Efenechdyd,,Efenechdyd
1045,"Eglwys Brewys",,"Eglwys Brewys"
1046,"Eglwys Cross",,"Eglwys Cross"
1047,"Eglwys Fair y Mynydd",,"St Mary Hill"
1048,"Yr Eglwys Lwyd",,Ludchurch
1049,"Eglwys Newydd",,Newchurch
1050,"Yr Eglwys Newydd ar y Cefn",,Newchurch
1051,"Yr Eglwys Newydd",,Whitchurch
1052,"Eglwys Nynnid",,"Eglwys Nynnid"
1053,"Eglwys Wen",,"Eglwys Wen"
1054,"Eglwys Wythwr",,Monington
1055,"Eglwys y Drindod",,Christchurch
1056,Eglwys-bach,,Eglwys-bach
1057,Eglwyseg,,Eglwyseg
1058,Eglwys-fach,,Eglwys-fach
1059,Eglwysilan,,Eglwysilan
1060,Eglwyswrw,,Eglwyswrw
1061,Einsiob,,Evenjobb
1062,Eisingrug,,Eisingrug
1063,Elim,,Elim
1064,Eneu'r-glyn,,Energlyn
1065,Engedi,,Engedi
1066,Erbistog,,Erbistock
1067,Erddig,,Erddig
1068,Erwyd,,Erwood
1069,Eryrys,,Eryrys
1070,Esgair,,Esgair
1071,"Esgair Maen",,"Esgair Maen"
1072,Esgairdawe,,Esgairdawe
1073,Esgairgeiliog,,Esgairgeiliog
1074,Esgyryn,,Esgyryn
1075,Eutun,,Eyton
1076,Evanstown,,Evanstown
1077,Ewloe,,Ewloe
1078,"Ewloe Green",,"Ewloe Green"
1079,Fachelich,,Fachelich
1080,"Y Fach-wen",,"Y Fach-wen"
1081,Faenor,,Vaynor
1082,Faerdre,,Vardre
1083,Fagwyr,,Fagwyr
1084,Fairbourne,,Fairbourne
1085,Fairwater,,Fairwater
1086,Fairwood,,Fairwood
1087,"Y Fali",,Valley
1088,"Y Fan",,"Y Fan"
1089,"Y Fan",,Van
1090,"Y Farteg",,Varteg
1091,"Felin Crai",,"Felin Crai"
1092,Felindre,,Felindre
1093,Felindre,,Felindre
1094,Felindre,,Felindre
1095,Felindre,,Felindre
1096,Felindre,,Felindre
1097,Felindre,,Felindre
1098,"Felindre Farchog",,"Felindre Farchog"
1099,Felin-fach,,Felin-fach
1100,Felin-fach,,Felin-fach
1101,Felin-foel,,Felin-foel
1102,Felinfrân,,Felinfrân
1103,Felinganol,,"Middle Mill"
1104,"Felin-gwm Isaf",,"Felin-gwm Isaf"
1105,"Felin-gwm Uchaf",,"Felin-gwm Uchaf"
1106,"Y Felinheli",,"Y Felinheli"
1107,Felin-hen,,Felin-hen
1108,Felin-newydd,,"New Mills"
1109,Felin-wen,,Felin-wen
1110,Felinwnda,,Felinwnda
1111,"Y Felin-wyllt",,"Wild Mill"
1112,Felin-wynt,,Felin-wynt
1113,"Y Fenni",,Abergavenny
1114,"Fenns Bank",,"Fenns Bank"
1115,Fernlea,,Fernlea
1116,"Y Ferwig",,"Y Ferwig"
1117,Ffair-fach,,Ffair-fach
1118,Ffair-rhos,,Ffair-rhos
1119,Ffaldybrenin,,Ffaldybrenin
1120,Ffarmers,,Ffarmers
1121,Ffawyddog,,Ffawyddog
1122,"Fferws Hill",,"Fferws Hill"
1123,"Y Fflint",,Flint
1124,Ffontygari,,Ffontygari
1125,"Y Ffôr",,"Y Ffôr"
1126,Ffordd-las,,Ffordd-las
1127,Fforddygyfraith,,Fforddygyfraith
1128,Ffordun,,Forden
1129,Fforest,,Fforest
1130,"Fforest Coalpit",,"Fforest Coalpit"
1131,Fforest-fach,,Fforest-fach
1132,Fforest-goch,,Fforest-goch
1133,Ffostrasol,,Ffostrasol
1134,Ffos-y-ffin,,Ffos-y-ffin
1135,Ffos-y-frân,,Ffos-y-frân
1136,Ffos-y-go,,Ffos-y-go
1137,Ffrith,,Ffrith
1138,Ffwl-y-mwn,,Fonmon
1139,Ffwrnais,,Furnace
1140,Ffynnon,,Ffynnon
1141,"Ffynnon Taf",,"Taff's Well"
1142,Ffynnon-ddrain,,Ffynnon-ddrain
1143,Ffynnon-groes,,Crosswell
1144,Ffynnongroyw,,Ffynnongroyw
1145,Ffynnongynid,,Ffynnongynid
1146,Ffynnon-oer,,Ffynnon-oer
1147,Ffynonne,,Ffynonne
1148,"Five Lanes",,"Five Lanes"
1149,Fochriw,,Fochriw
1150,Foelgastell,,Foelgastell
1151,Forgeside,,Forgeside
1152,Fountain,,Fountain
1153,"Four Crosses",,"Four Crosses"
1154,"Freshwater East",,"Freshwater East"
1155,Freystrop,,Freystrop
1156,"Y Friog",,"Y Friog"
1157,Frochas,,Frochas
1158,Fron,,Fron
1159,"Fron Isaf",,"Fron Isaf"
1160,"Y Fron",,"Y Fron"
1161,Fronbache,,Fronbache
1162,Froncysyllte,,Froncysyllte
1163,Fron-deg,,Fron-deg
1164,Fron-goch,,Fron-goch
1165,Gabalfa,,Gabalfa
1166,Gadlys,,Gadlys
1167,"Y Gadlys",,"Y Gadlys"
1168,Gaer,,Gaer
1169,Gaer-fawr,,Gaer-fawr
1170,Gaer-lwyd,,Gaer-lwyd
1171,Gaerwen,,Gaerwen
1172,Gallowsgreen,,Gallowsgreen
1173,Galltegfa,,Galltegfa
1174,Gallt-y-foel,,Gallt-y-foel
1175,"Galon Uchaf",,"Galon Uchaf"
1176,"Y Ganllwyd",,"Y Ganllwyd"
1177,"Garden City",,"Garden City"
1178,"Garden City",,"Garden City"
1179,"Garden Village",,"Garden Village"
1180,"Y Garn",,Roch
1181,"Y Garnant",,"Y Garnant"
1182,Garndiffaith,,Garndiffaith
1183,Garndolbenmaen,,Garndolbenmaen
1184,Garneddwen,,Garneddwen
1185,Garn-fach,,Garn-fach
1186,Garnfadrun,,Garnfadrun
1187,Garnlydan,,Garnlydan
1188,Garn-swllt,,Garn-swllt
1189,Garnyrerw,,Garnyrerw
1190,Garreg,,Garreg
1191,Garth,,Garth
1192,Garth,,Garth
1193,"Garth Trefor",,"Garth Trefor"
1194,Garthbeibio,,Garthbeibio
1195,Garthbrengi,,Garthbrengi
1196,Gartheli,,Gartheli
1197,Garthmyl,,Garthmyl
1198,Gatlas,,Gatlas
1199,Gegin,,Gegin
1200,Gell,,Gell
1201,Gelli,,Gelli
1202,"Y Gelli Gandryll",,Hay-on-Wye
1203,Gelli-aur,,"Golden Grove"
1204,Gelli-deg,,Gelli-deg
1205,Gellifedw,,Birchgrove
1206,Gellifelen,,Gellifelen
1207,Gellifor,,Gellifor
1208,Gelli-gaer,,Gelli-gaer
1209,Gelli-groes,,Gelli-groes
1210,Gelli-gron,,Gelli-gron
1211,Gelli-haf,,Gelli-haf
1212,Gellilydan,,Gellilydan
1213,Gelli-nudd,,Gelli-nudd
1214,Gelli-wen,,Gelli-wen
1215,Gendros,,Gendros
1216,Georgetown,,Georgetown
1217,Georgetown,,Georgetown
1218,Gerlan,,Gerlan
1219,Geuffordd,,Geuffordd
1220,Geufron,,Geufron
1221,Gignog,,Gignog
1222,Gilfach,,Gilfach
1223,Gilfach-goch,,Gilfach-goch
1224,Gilfachreda,,Gilfachreda
1225,Gilwern,,Gilwern
1226,Gilwern,,Gilwern
1227,"Y Glais",,"Y Glais"
1228,"Glan Dwyfach",,"Glan Dwyfach"
1229,Glanadda,,Glanadda
1230,Glanaman,,Glanaman
1231,Glan-bad,,"Upper Boat"
1232,Glanduar,,Glanduar
1233,Glandŵr,,Glandŵr
1234,Glandŵr,,Glandŵr
1235,Glandŵr,,Glandŵr
1236,Glandŵr,,Glandŵr
1237,Glandŵr,,Landore
1238,"Glandy Cross",,"Glandy Cross"
1239,Glandyfi,,Glandyfi
1240,Glangrwyne,,Glangrwyne
1241,Glangwili,,Glangwili
1242,Glan-llyn,,Glan-llyn
1243,Glan-miwl,,Glan-mule
1244,Glanmwrwg,,Glanmwrwg
1245,Glanpwllafon,,Glanpwllafon
1246,Glanrafon,,Glanrafon
1247,Glan-rhyd,,Glan-rhyd
1248,Glan-rhyd,,Glan-rhyd
1249,Glantwymyn,,"Cemaes Road"
1250,Glan-wern,,Glan-wern
1251,Glanwydden,,Glanwydden
1252,Glanyfferi,,Ferryside
1253,Glan-y-môr,,Seaside
1254,Glan-y-nant,,Glan-y-nant
1255,Glan-y-nant,,Glan-y-nant
1256,Glan-y-pwll,,Glan-y-pwll
1257,Glanyrafon,,Glanyrafon
1258,Glanyrafon,,Glanyrafon
1259,Glanyrafon,,Riverside
1260,Glan-y-wern,,Glan-y-wern
1261,Glasbwll,,Glasbwll
1262,Glasfryn,,Glasfryn
1263,Glasgoed,,Glasgoed
1264,Glasgoed,,Glasgoed
1265,Glasgoed,,Glasgoed
1266,Glasgwm,,Glasgwm
1267,Glasinfryn,,Glasinfryn
1268,Gleiniant,,Gleiniant
1269,Glenowen,,Glenowen
1270,"Y Glog",,"Y Glog"
1271,"Glyn Garth",,"Glyn Garth"
1272,"Glyn Mil",,"Glyn Mil"
1273,"Glyn Nant-y-glo",,Coalbrookvale
1274,Glynarthen,,Glynarthen
1275,Glynceiriog,,Glynceiriog
1276,Glyn-coch,,Glyn-coch
1277,Glyn-coed,,Glyn-coed
1278,Glyncorrwg,,Glyncorrwg
1279,Glyndyfrdwy,,Glyndyfrdwy
1280,Glynebwy,,"Ebbw Vale"
1281,Glyn-gaer,,Glyn-gaer
1282,Glyn-llan,,Glyn-llan
1283,Glynllifon,,Glynllifon
1284,Glyn-nedd,,Glynneath
1285,Glynogwr,,Glynogwr
1286,Glynrhedynog,,Ferndale
1287,Glyn-taf,,Glyn-taf
1288,Glyntawe,,Glyntawe
1289,Glyn-teg,,Glyn-teg
1290,Glyntraean,,Glyntraean
1291,Godreaman,,Godreaman
1292,Godre'r-graig,,Godre'r-graig
1293,Goetre,,Goetre
1294,Goetre,,Goetre
1295,Goetre,,Goetre
1296,Goetre-hen,,Coytrahen
1297,Gofilon,,Gofilon
1298,Goginan,,Goginan
1299,"Gogledd Corneli",,"North Cornelly"
1300,Golan,,Golan
1301,"Gold Tops",,"Gold Tops"
1302,Golftyn,,Golftyn
1303,Golly,,Golly
1304,Golynos,,Golynos
1305,"Gorllewin Aberddawan",,"West Aberthaw"
1306,Gorrig,,Gorrig
1307,Gorsedd,,Gorsedd
1308,Gorseinon,,Gorseinon
1309,Gors-goch,,Gors-goch
1310,Gors-goch,,Gors-goch
1311,Gors-las,,Gors-las
1312,Graianrhyd,,Graianrhyd
1313,Graig,,Graig
1314,Graig,,Graig
1315,"Y Graig",,"Y Graig"
1316,Graigfechan,,Graigfechan
1317,Graigfelen,,Graigfelen
1318,Graigtrewyddfa,,Graigtrewyddfa
1319,Graig-wen,,Graig-wen
1320,Graig-y-rhaca,,Graig-y-rhaca
1321,Grangetown,,Grangetown
1322,"Great Honeyborough",,"Great Honeyborough"
1323,"Great Oak",,"Great Oak"
1324,Green,,Green
1325,Greenmeadow,,Greenmeadow
1326,Gresffordd,,Gresford
1327,Griffithstown,,Griffithstown
1328,"Y Groes",,Crossgates
1329,Groes-faen,,Groes-faen
1330,"Y Groes-faen",,"Y Groes-faen"
1331,Groesffordd,,Groesffordd
1332,Groesffordd,,Groesffordd
1333,Groesffordd,,Groesffordd
1334,Groesffordd,,Groesffordd
1335,"Groesffordd Marli",,"Groesffordd Marli"
1336,"Y Groeslon",,"Y Groeslon"
1337,Groes-lwyd,,Groes-lwyd
1338,Groes-lwyd,,Groes-lwyd
1339,Groespluen,,Groespluen
1340,Groes-wen,,Groes-wen
1341,Grofield,,Grofield
1342,Gronant,,Gronant
1343,"Y Grysmwnt",,Grosmont
1344,Guilford,,Guilford
1345,Gumfreston,,Gumfreston
1346,Gurnos,,Gurnos
1347,Gurnos,,Gurnos
1348,Gwaeddel,,Weythel
1349,Gwaelod-y-garth,,Gwaelod-y-garth
1350,Gwalchmai,,Gwalchmai
1351,"Gwalchmai Uchaf",,"Gwalchmai Uchaf"
1352,Gwastad,,Gwastad
1353,Gwastadnant,,Gwastadnant
1354,Gwastadros,,Gwastadros
1355,Gwauncaegurwen,,Gwauncaegurwen
1356,Gwaunleision,,Gwaunleision
1357,Gwaunysgor,,Gwaunysgor
1358,Gwaunyterfyn,,Acton
1359,Gwbert,,Gwbert
1360,Gwehelog,,Gwehelog
1361,Gwenddwr,,Gwenddwr
1362,Gwenffrwd,,Whitebrook
1363,Gwenfô,,Wenvoe
1364,Gwernesni,,Gwernesni
1365,Gwernogle,,Gwernogle
1366,Gwernymynydd,,Gwernymynydd
1367,Gwern-y-steeple,,Gwern-y-steeple
1368,Gwersyllt,,Gwersyllt
1369,Gwesbyr,,Gwesbyr
1370,Gwestydd,,Gwestydd
1371,Gwndy,,Undy
1372,Gwredog,,Gwredog
1373,Gwrhay,,Gwrhay
1374,Gwyddelwern,,Gwyddelwern
1375,Gwyddgrug,,Gwyddgrug
1376,Gwydir,,Gwydir
1377,Gwynfryn,,Gwynfryn
1378,Gwystre,,Gwystre
1379,Gwytherin,,Gwytherin
1380,Gyfeillion,,Gyfeillion
1381,Gyfelia,,Gyfelia
1382,"Y Gyffylliog",,"Y Gyffylliog"
1383,"Gyrn Goch",,"Gyrn Goch"
1384,Hafod,,Hafod
1385,Hafod-y-bwch,,Hafod-y-bwch
1386,Hafod-y-coed,,Hafod-y-coed
1387,Hafodyrynys,,Hafodyrynys
1388,Hakin,,Hakin
1389,Halchdyn,,Halghton
1390,"Halfpenny Furze",,"Halfpenny Furze"
1391,Halfway,,Halfway
1392,Halfway,,Halfway
1393,Halton,,Halton
1394,Hanmer,,Hanmer
1395,Hardwick,,Hardwick
1396,Harford,,Harford
1397,Harlech,,Harlech
1398,Hawen,,Hawen
1399,Hawy,,Howey
1400,Haysford,,Haysford
1401,Hazelbeach,,Hazelbeach
1402,Heartsease,,Heartsease
1403,Hebron,,Hebron
1404,Helygain,,Halkyn
1405,"Hen Domen",,"Hen Domen"
1406,"Hen Golwyn",,"Old Colwyn"
1407,"Hen Ystog",,"Old Churchstoke"
1408,Hen-barc,,Hen-barc
1409,Hendre,,Hendre
1410,Hendre,,Hendre
1411,Hendre,,Hendre
1412,Hendredenny,,Hendredenny
1413,Hendreforgan,,Hendreforgan
1414,Hendre-rwydd,,Hendre-rwydd
1415,"Yr Hendy",,"Yr Hendy"
1416,"Hendy-gwyn ar Daf",,Whitland
1417,Heneglwys,,Heneglwys
1418,Henfeddau,,Henfeddau
1419,Henfynyw,,Henfynyw
1420,Hengastell,,Oldcastle
1421,Hengoed,,Hengoed
1422,Hengoed,,Hengoed
1423,Henllan,,Henllan
1424,Henllan,,Henllan
1425,Henllan,,Henllan
1426,Henllan,,Henllan
1427,"Henllan Amgoed",,"Henllan Amgoed"
1428,Henllys,,Henllys
1429,Henryd,,Henryd
1430,Hensol,,Hensol
1431,"Heol Abertawe",,"Swansea Road"
1432,Heol-ddu,,Heol-ddu
1433,Heol-ddu,,Heol-ddu
1434,"Heol-ddu Uchaf",,"Heol-ddu Uchaf"
1435,Heolgaled,,Heolgaled
1436,Heolgerrig,,Heolgerrig
1437,Heol-laethog,,Heol-laethog
1438,Heol-las,,Heol-las
1439,Heolsenni,,Heolsenni
1440,Heol-y-cyw,,Heol-y-cyw
1441,Heolymynydd,,Heolymynydd
1442,"The Herberts",,"The Herberts"
1443,Herbrandston,,Herbrandston
1444,Hermon,,Hermon
1445,Hermon,,Hermon
1446,Hermon,,Hermon
1447,Heronston,,Heronston
1448,"High Cross",,"High Cross"
1449,"Higher Kinnerton",,"Higher Kinnerton"
1450,"Higher Shotton",,"Higher Shotton"
1451,Highmead,,Highmead
1452,"Highmoor Hill",,"Highmoor Hill"
1453,Hightown,,Hightown
1454,Hillblock,,Hillblock
1455,Hirael,,Hirael
1456,Hiraeth,,Hiraeth
1457,Hirnant,,Hirnant
1458,Hirwaun,,Hirwaun
1459,"Yr Hôb",,Hope
1460,"Yr Hôb",,Hope
1461,Hodgeston,,Hodgeston
1462,"Holly Bush",,"Holly Bush"
1463,Hollybush,,Hollybush
1464,Holt,,Holt
1465,Holway,,Holway
1466,Honkley,,Honkley
1467,Hook,,Hook
1468,Hoop,,Hoop
1469,Hopkinstown,,Hopkinstown
1470,Horeb,,Horeb
1471,Horeb,,Horeb
1472,Horeb,,Horeb
1473,"Horseman's Green",,"Horseman’s Green"
1474,Horton,,Horton
1475,Houghton,,Houghton
1476,Hubberston,,Hubberston
1477,Hundleton,,Hundleton
1478,"Hundred House",,"Hundred House"
1479,Hwlffordd,,Haverfordwest
1480,Hwytyn,,Whitton
1481,Hywig,,Howick
1482,Idole,,Idole
1483,Iet-y-bwlch,,Iet-y-bwlch
1484,"Incline Top",,"Incline Top"
1485,Isatyn,,Hyssington
1486,Islaw'r-dref,,Islaw'r-dref
1487,Is-y-coed,,Is-y-coed
1488,Is-y-coed,,Is-y-coed
1489,Jameston,,Jameston
1490,Jeffreyston,,Jeffreyston
1491,"Jersey Marine",,"Jersey Marine"
1492,"Jingle Street",,"Jingle Street"
1493,Johnston,,Johnston
1494,Johnstown,,Johnstown
1495,Kendon,,Kendon
1496,Kingsland,,Kingsland
1497,Kinnerton,,Kinnerton
1498,"Kinnerton Green",,"Kinnerton Green"
1499,Kittle,,Kittle
1500,"The Knap",,"The Knap"
1501,Knollbury,,Knollbury
1502,Knolton,,Knolton
1503,"Knolton Bryn",,"Knolton Bryn"
1504,Lacharn,,Laugharne
1505,Lambston,,Lambston
1506,Landimôr,,Landimore
1507,Landshipping,,Landshipping
1508,Lanesend,,Lanesend
1509,Langland,,Langland
1510,Langstone,,Langstone
1511,Larnog,,Lavernock
1512,Lavister,,Lavister
1513,Lawnt,,Lawnt
1514,"Lawrence Hill",,"Lawrence Hill"
1515,Lawrenni,,Lawrenny
1516,Leason,,Leason
1517,Lecwydd,,Leckwith
1518,Leechpool,,Leechpool
1519,Leonardston,,Leonardston
1520,Leweston,,Leweston
1521,Lewistown,,Lewistown
1522,Libanus,,Libanus
1523,Licswm,,Licswm
1524,Liddeston,,Liddeston
1525,"Lightwood Green",,"Lightwood Green"
1526,Limeslade,,Limeslade
1527,"Little Acton",,"Little Acton"
1528,"Little Arowry",,"Little Arowry"
1529,"Little Green",,"Little Green"
1530,"Little Honeyborough",,"Little Honeyborough"
1531,"Little Mancot",,"Little Mancot"
1532,"Little Milford",,"Little Milford"
1533,"Little Mill",,"Little Mill"
1534,"Little Mountain",,"Little Mountain"
1535,"Little Overton",,"Little Overton"
1536,"Little Reynoldston",,"Little Reynoldston"
1537,Llaethdy,,Llaethdy
1538,Llai,,Llay
1539,Llain-goch,,Llain-goch
1540,Llam-march,,Llam-march
1541,"Llan Ffestiniog",,"Llan Ffestiniog"
1542,Llanaber,,Llanaber
1543,Llanaelhaearn,,Llanaelhaearn
1544,Llanafan,,Llanafan
1545,Llanafan-fawr,,Llanafan-fawr
1546,Llanallgo,,Llanallgo
1547,Llanandras,,Presteigne
1548,Llananno,,Llananno
1549,Llanarfan,,"St Arvans"
1550,Llanarmon,,Llanarmon
1551,"Llanarmon Dyffryn Ceiriog",,"Llanarmon Dyffryn Ceiriog"
1552,"Llanarmon Mynydd Mawr",,"Llanarmon Mynydd Mawr"
1553,Llanarmon-yn-Iâl,,Llanarmon-yn-Iâl
1554,Llan-arth,,Llan-arth
1555,Llanarthne,,Llanarthne
1556,Llanasa,,Llanasa
1557,Llanbabo,,Llanbabo
1558,"Llanbadarn Fawr",,"Llanbadarn Fawr"
1559,"Llanbadarn Fynydd",,"Llanbadarn Fynydd"
1560,Llanbadarn-y-garreg,,Llanbadarn-y-garreg
1561,Llanbadog,,Llanbadog
1562,Llanbadrig,,Llanbadrig
1563,Llanbedr,,Llanbedr
1564,Llanbedr,,Llanbedr
1565,Llanbedr,,Llanbedr
1566,"Llanbedr Dyffryn Clwyd",,"Llanbedr Dyffryn Clwyd"
1567,"Llanbedr Felffre",,"Lampeter Velfrey"
1568,"Llanbedr Pont Steffan",,Lampeter
1569,"Llanbedr Ystrad Yw",,"Llanbedr Ystrad Yw"
1570,Llanbedr-goch,,Llanbedr-goch
1571,Llanbedrog,,Llanbedrog
1572,Llanbedrycennin,,Llanbedrycennin
1573,Llanbedr-y-fro,,Peterston-super-Ely
1574,Llanberis,,Llanberis
1575,Llanbister,,Llanbister
1576,Llanboidy,,Llanboidy
1577,Llanbradach,,Llanbradach
1578,Llanbrynmair,,Llanbrynmair
1579,Llanbydderi,,Llanbethery
1580,Llancaeach,,Llancaeach
1581,Llancaeo,,Llancaeo
1582,Llancarfan,,Llancarfan
1583,Llancatal,,Llancadle
1584,Llancowrid,,Llancowrid
1585,Llandaf,,Llandaf
1586,Llandafal,,Llandafal
1587,Llandanwg,,Llandanwg
1588,Llandarcy,,Llandarcy
1589,Llan-dawg,,Llan-dawg
1590,Llanddaniel-fab,,Llanddaniel-fab
1591,Llanddarog,,Llanddarog
1592,Llanddeiniol,,Llanddeiniol
1593,Llanddeiniolen,,Llanddeiniolen
1594,Llandderfel,,Llandderfel
1595,Llanddeusant,,Llanddeusant
1596,Llanddeusant,,Llanddeusant
1597,Llan-ddew,,Llan-ddew
1598,Llanddewi,,Llanddewi
1599,"Llanddewi Brefi",,"Llanddewi Brefi"
1600,"Llanddewi Fach",,"Llanddewi Fach"
1601,"Llanddewi Felffre",,"Llanddewi Velfrey"
1602,"Llanddewi Nant Hodni",,Llanthony
1603,"Llanddewi Rhydderch",,"Llanddewi Rhydderch"
1604,"Llanddewi Ysgyryd",,"Llanddewi Skirrid"
1605,"Llanddewi Ystradenni",,"Llanddewi Ystradenni"
1606,Llanddewi’r-cwm,,Llanddewi’r-cwm
1607,Llanddingad,,Dingestow
1608,Llanddinol,,Itton
1609,Llanddoged,,Llanddoged
1610,Llanddona,,Llanddona
1611,Llanddowror,,Llanddowror
1612,Llanddulas,,Llanddulas
1613,Llanddunwyd,,"Welsh St Donats"
1614,Llanddyfnan,,Llanddyfnan
1615,Llandecwyn,,Llandecwyn
1616,Llandegfan,,Llandegfan
1617,Llandegfedd,,Llandegfedd
1618,Llandegla,,Llandegla
1619,Llandeglau,,Llandegley
1620,Llandeilo,,Llandeilo
1621,Llandeilo,,Llandeilo
1622,"Llandeilo Bertholau",,"Llantilio Pertholey"
1623,"Llandeilo Ferwallt",,Bishopston
1624,"Llandeilo Graban",,"Llandeilo Graban"
1625,"Llandeilo Gresynni",,"Llantilio Crossenny"
1626,Llandeilo'r-fân,,Llandeilo'r-fân
1627,Llandenni,,Llandenni
1628,"Llandenni Walks",,"Llandenni Walks"
1629,Llandevaud,,Llandevaud
1630,Llandevenny,,Llandevenny
1631,Llandinam,,Llandinam
1632,Llandochau,,Llandough
1633,Llandochau,,Llandough
1634,Llandogo,,Llandogo
1635,"Llandre ","Llanfihangel Genau’r-glyn","Llandre "
1636,Llandridian,,Llandridian
1637,Llandrillo-yn-Rhos,,Rhos-on-Sea
1638,Llandrindod,,"Llandrindod Wells"
1639,Llandrinio,,Llandrinio
1640,Llandrygarn,,Llandrygarn
1641,Llandudno,,Llandudno
1642,Llandudoch,,"St Dogmaels"
1643,Llandudwg,,Tythegston
1644,"Llandŵ ",,Llandow
1645,Llandwrog,,Llandwrog
1646,Llandybïe,,Llandybïe
1647,Llandyfaelog,,Llandyfaelog
1648,"Llandyfaelog Fach",,"Llandyfaelog Fach"
1649,"Llandyfaelog Tre'r-graig",,"Llandyfaelog Tre'r-graig"
1650,Llandyfái,,Lamphey
1651,Llandyfalle,,Llandyfalle
1652,Llandyfân,,Llandyfân
1653,Llandyfrïog,,Llandyfrïog
1654,Llandyfrydog,,Llandyfrydog
1655,Llandygái,,Llandygái
1656,Llandygwydd,,Llandygwydd
1657,Llandynnan,,Llandynnan
1658,Llandyrnog,,Llandyrnog
1659,Llandyry,,Llandyry
1660,Llandysilio,,"Four Crosses"
1661,Llandysilio,,Llandysilio
1662,Llandysul,,Llandysul
1663,Llandysul,,Llandysul
1664,Llanedern,Llanedeyrn,Llanedern
1665,Llanedi,,Llanedi
1666,Llanedwen,,Llanedwen
1667,Llanefydd,,Llanefydd
1668,Llaneglwys,,Llaneglwys
1669,Llanegryn,,Llanegryn
1670,Llanegwad,,Llanegwad
1671,Llaneilian,,Llaneilian
1672,Llaneirwg,,"St Mellons"
1673,Llanelen,,Llanelen
1674,Llanelian-yn-Rhos,,Llanelian-yn-Rhos
1675,Llanelidan,,Llanelidan
1676,Llanelli,,Llanelli
1677,"Llanelli Hill",,"Llanelli Hill"
1678,Llanelltud,,Llanelltud
1679,Llanelwedd,,Llanelwedd
1680,Llanelwy,,"St Asaph"
1681,Llanenddwyn,,Llanenddwyn
1682,Llanengan,,Llanengan
1683,Llanerfyl,,Llanerfyl
1684,Llaneuddog,,Llaneuddog
1685,Llaneugrad,,Llaneugrad
1686,Llaneurgain,,Northop
1687,Llanfable,,Llanvapley
1688,Llanfabon,,Llanfabon
1689,Llan-fach,,Llan-fach
1690,Llanfaches,,Llanfaches
1691,Llanfachraeth,,Llanfachraeth
1692,Llanfachreth,,Llanfachreth
1693,Llanfaelog,,Llanfaelog
1694,Llanfaenor,,Llanfaenor
1695,Llan-faes,,Llan-faes
1696,Llan-faes,,Llan-faes
1697,Llan-faes,,Llanmaes
1698,Llanfaethlu,,Llanfaethlu
1699,Llanfaglan,,Llanfaglan
1700,Llanfair,,Llanfair
1701,Llan-fair,,"St Mary Church"
1702,"Llanfair Caereinion",,"Llanfair Caereinion"
1703,"Llanfair Cilgedin",,"Llanfair Kilgeddin"
1704,"Llanfair Clydogau",,"Llanfair Clydogau"
1705,"Llanfair Disgoed",,"Llanfair Disgoed"
1706,"Llanfair Dyffryn Clwyd",,"Llanfair Dyffryn Clwyd"
1707,"Llanfair Llythynwg",,Gladestry
1708,"Llanfair Mathafarn Eithaf",,"Llanfair Mathafarn Eithaf"
1709,"Llanfair Nant-gwyn",,"Llanfair Nant-gwyn"
1710,"Llanfair Pwllgwyngyll",,"Llanfair Pwllgwyngyll"
1711,"Llanfair Talhaearn",,"Llanfair Talhaearn"
1712,Llanfairfechan,,Llanfairfechan
1713,Llanfair-y-Cwmwd,,Llanfair-y-Cwmwd
1714,Llanfair-ym-Muallt,,"Builth Wells"
1715,Llanfair-yng-Nghornwy,,Llanfair-yng-Nghornwy
1716,Llanfair-yn-Neubwll,,Llanfair-yn-Neubwll
1717,Llanfallteg,,Llanfallteg
1718,Llanfaredd,,Llanfaredd
1719,Llanfarian,,Llanfarian
1720,Llanfarthin,,Llanmartin
1721,Llanfechain,,Llanfechain
1722,Llanfechell,,Llanfechell
1723,Llanfellte,,Llanfellte
1724,Llanferres,,Llanferres
1725,Llanfeuthin,,Llanvithyn
1726,Llanffa,,Llampha
1727,Llan-ffwyst,,Llanfoist
1728,Llanfigel,,Llanfigel
1729,"Llanfihangel Crucornau",,"Llanfihangel Crucornau"
1730,"Llanfihangel Cwm Du",Cwm-du,"Llanfihangel Cwm Du"
1731,"Llanfihangel Dinsylwy",,"Llanfihangel Dinsylwy"
1732,"Llanfihangel Dyffryn Arwy",,Michaelchurch-on-Arrow
1733,"Llanfihangel Glyn Myfyr",,"Llanfihangel Glyn Myfyr"
1734,"Llanfihangel Gobion",,"Llanfihangel Gobion"
1735,"Llanfihangel Helygen",,"Llanfihangel Helygen"
1736,"Llanfihangel Nant Brân",,"Llanfihangel Nant Brân"
1737,"Llanfihangel Nant Melan",,"Llanfihangel Nant Melan"
1738,"Llanfihangel Penbedw",,"Llanfihangel Penbedw"
1739,"Llanfihangel Pont-y-moel",,"Llanfihangel Pont-y-moel"
1740,"Llanfihangel Rhydieithon",,"Llanfihangel Rhydieithon"
1741,"Llanfihangel Rogiet",,"Llanfihangel Rogiet"
1742,"Llanfihangel Tal-y-llyn",,"Llanfihangel Tal-y-llyn"
1743,"Llanfihangel Torymynydd",,"Llanfihangel Torymynydd"
1744,"Llanfihangel Tre'r-beirdd",,"Llanfihangel Tre'r-beirdd"
1745,"Llanfihangel Troddi",,"Mitchel Troy"
1746,"Llanfihangel y Bont-faen",,Llanmihangel
1747,"Llanfihangel Ysgeifiog",,"Llanfihangel Ysgeifiog"
1748,"Llanfihangel Ystum Llewern",,"Llanfihangel Ystum Llewern"
1749,Llanfihangel-ar-arth,,Llanfihangel-ar-arth
1750,Llanfihangel-ar-Elái,,Michaelston-super-Ely
1751,Llanfihangel-uwch-Gwili,,Llanfihangel-uwch-Gwili
1752,Llanfihangel-y-Creuddyn,,Llanfihangel-y-Creuddyn
1753,Llanfihangel-y-fedw,,Michaelston-y-fedw
1754,Llanfihangel-yng-Ngwynfa,,Llanfihangel-yng-Ngwynfa
1755,Llanfihangel-y-Pennant,,Llanfihangel-y-Pennant
1756,Llanfihangel-y-Pennant,,Llanfihangel-y-Pennant
1757,Llanfihangel-y-pwll,,Michaelston-le-Pit
1758,Llanfilo,,Llanfilo
1759,Llanfleiddan,,Llanblethian
1760,Llanfocha,,"St Maughans"
1761,Llanfor,,Llanfor
1762,Llanfrechfa,,Llanfrechfa
1763,Llanfrothen,,Llanfrothen
1764,Llanfrynach,,Llanfrynach
1765,Llanfwrog,,Llanfwrog
1766,Llanfwrog,,Llanfwrog
1767,Llanfyllin,,Llanfyllin
1768,Llanfynydd,,Llanfynydd
1769,Llanfynydd,,Llanfynydd
1770,Llanfyrnach,,Llanfyrnach
1771,Llangadfan,,Llangadfan
1772,Llangadog,,Llangadog
1773,Llangadog,,Llangadog
1774,Llangadwaladr,,Llangadwaladr
1775,Llangaffo,,Llangaffo
1776,Llan-gain,,Llan-gain
1777,Llangamarch,,"Llangamarch Wells"
1778,Llanganna,,Llangan
1779,"Llangasty Tal-y-llyn",,"Llangasty Tal-y-llyn"
1780,Llangathen,,Llangathen
1781,Llangatwg,,Llangattock
1782,"Llangatwg Dyffryn Wysg",,"Llangattock nigh Usk"
1783,"Llangatwg Feibion Afel",,"Llangatwg Feibion Afel"
1784,"Llangatwg Lingoed",,"Llangatwg Lingoed"
1785,Llangedwyn,,Llangedwyn
1786,Llangefni,,Llangefni
1787,Llangeinwen,,Llangeinwen
1788,Llangeinwyr,,Llangeinor
1789,Llangeitho,,Llangeitho
1790,Llangeler,,Llangeler
1791,Llangelynnin,,Llangelynnin
1792,Llangennech,,Llangennech
1793,Llangenni,,Llangenni
1794,Llangernyw,,Llangernyw
1795,Llangewydd,,Llangewydd
1796,Llangïan,,Llangïan
1797,Llangiwa,,Llangiwa
1798,Llan-giwg,,Llan-giwg
1799,Llangloffan,,Llangloffan
1800,Llanglydwen,,Llanglydwen
1801,Llangoed,,Llangoed
1802,Llangoedmor,,Llangoedmor
1803,Llangofan,,Llangofan
1804,Llangollen,,Llangollen
1805,Llangolman,,Llangolman
1806,Llan-gors,,Llan-gors
1807,Llangorwen,,Llangorwen
1808,Llangrallo,,Coychurch
1809,Llangrannog,,Llangrannog
1810,Llangristiolus,,Llangristiolus
1811,Llangurig,,Llangurig
1812,Llangwm,,Llangwm
1813,Llangwm,,Llangwm
1814,Llangwm,,Llangwm
1815,Llan-gwm,,Llan-gwm
1816,Llangwnnadl,,Llangwnnadl
1817,Llangwyfan,,Llangwyfan
1818,Llangwyfan,,Llangwyfan
1819,Llangwyllog,,Llangwyllog
1820,Llangwyryfon,,Llangwyryfon
1821,Llangybi,,Llangybi
1822,Llangybi,,Llangybi
1823,Llangybi,,Llangybi
1824,Llangyfelach,,Llangyfelach
1825,Llangyndeyrn,,Llangyndeyrn
1826,Llangynfelyn,,Llangynfelyn
1827,Llangynhafal,,Llangynhafal
1828,Llangynidr,,Llangynidr
1829,Llangynin,,Llangynin
1830,Llangynllo,,Llangynllo
1831,Llangynnwr,,Llangynnwr
1832,Llangynog,,Llangynog
1833,Llangynog,,Llangynog
1834,Llangynwyd,,Llangynwyd
1835,Llangynydd,,Llangennith
1836,Llangynyw,,Llangynyw
1837,Llangystennin,,Llangystennin
1838,Llangywer,,Llangywer
1839,Llanhamlach,,Llanhamlach
1840,Llanharan,,Llanharan
1841,Llanhari,,Llanharry
1842,Llanhenwg,,Llanhenwg
1843,Llanhiledd,,Llanhilleth
1844,Llanhuadain,,Llawhaden
1845,Llanhywel,,Llanhywel
1846,Llanidan,,Llanidan
1847,Llanidloes,,Llanidloes
1848,Llaniestyn,,Llaniestyn
1849,Llaniestyn,,Llaniestyn
1850,Llanigon,,Llanigon
1851,Llanilar,,Llanilar
1852,Llanilid,,Llanilid
1853,"Llanilltud Faerdref",,"Llantwit Fardre"
1854,"Llanilltud Fawr",,"Llantwit Major"
1855,"Llanilltud Gŵyr",,Ilston
1856,Llanio,,Llanio
1857,Llanion,,Llanion
1858,Llanisan-yn-Rhos,,"St Ishmaels"
1859,Llanisien,,Llanisien
1860,Llanisien,,Llanishen
1861,Llaniwared,,Llaniwared
1862,Llanllawddog,,Llanllawddog
1863,Llanllawer,,Llanllawer
1864,Llanllechid,,Llanllechid
1865,Llanlleiana,,Llanlleiana
1866,Llanllugan,,Llanllugan
1867,Llan-llwch,,Llan-llwch
1868,Llanllwchaearn,,Llanllwchaearn
1869,Llanllwni,,Llanllwni
1870,Llanllyfni,,Llanllyfni
1871,Llanllŷr,,Llanyre
1872,Llanllywel,,Llanllywel
1873,Llan-lwy,,Llandeloy
1874,Llanmadog,,Llanmadog
1875,Llanmerewig,,Llanmerewig
1876,Llanmill,,Llanmill
1877,Llanmilo,,Llanmilo
1878,Llanmorlais,,Llanmorlais
1879,Llannarth,,Llannarth
1880,"Llannerch Aeron",,"Llannerch Aeron"
1881,"Llannerch Banna",,Penley
1882,"Llannerch Emrys",,"Llannerch Emrys"
1883,Llannerchfydaf,,Llannerchfydaf
1884,Llannerch-y-medd,,Llannerch-y-medd
1885,Llannerch-y-môr,,Llannerch-y-môr
1886,Llannewydd,,Newchurch
1887,Llannewydd,,Newchurch
1888,Llan-non,,Llan-non
1889,Llan-non,,Llan-non
1890,Llannor,,Llannor
1891,Llanofer,,Llanofer
1892,"Llanofer Uchaf",,"Upper Llanofer"
1893,Llanpumsaint,,Llanpumsaint
1894,Llanreath,,Llanreath
1895,Llanrhaeadr-ym-Mochnant,,Llanrhaeadr-ym-Mochnant
1896,Llanrhaeadr-yng-Nghinmeirch,,Llanrhaeadr-yng-Nghinmeirch
1897,Llanrhian,,Llanrhian
1898,Llanrhidian,,Llanrhidian
1899,Llan-rhos,,Llan-rhos
1900,Llanrhuddlad,,Llanrhuddlad
1901,Llanrhychwyn,,Llanrhychwyn
1902,Llanrhymni,,Llanrumney
1903,Llanrhystud,,Llanrhystud
1904,Llanrug,,Llanrug
1905,Llanrwst,,Llanrwst
1906,Llansadwrn,,Llansadwrn
1907,Llansadwrn,,Llansadwrn
1908,Llansadyrnin,,Llansadyrnin
1909,Llan-saint,,Llan-saint
1910,Llansamlet,,Llansamlet
1911,Llansanffraid,,Llansanffraid
1912,Llansanffraid,,Llansanffraid
1913,"Llansanffraid Cwmteuddwr",,"Llansanffraid Cwmteuddwr"
1914,"Llansanffraid Glan Conwy",,"Llansanffraid Glan Conwy"
1915,"Llansanffraid Gwynllŵg",,"St Brides Wentloog"
1916,Llansanffraid-ar-Elái,,"St Brides-super-Ely"
1917,Llansanffraid-ym-Mechain,,Llansanffraid-ym-Mechain
1918,Llansannan,,Llansannan
1919,Llansansiôr,,"St George"
1920,Llansanwyr,,Llansannor
1921,Llansawel,,Llansawel
1922,Llansawel,,"Briton Ferry"
1923,Llansbyddid,,Llansbyddid
1924,Llansilin,,Llansilin
1925,Llan-soe,,Llan-soe
1926,Llanstadwel,,Llanstadwel
1927,Llansteffan,,Llansteffan
1928,Llansteffan,,Llansteffan
1929,Llantarnam,,Llantarnam
1930,Llanteems,,Llanteems
1931,Llantriddyd,,Llantriddyd
1932,Llantrisant,,Llantrisant
1933,Llantrisant,,Llantrisant
1934,Llantrisant,,Llantrisant
1935,Llanuwchllyn,,Llanuwchllyn
1936,Llanwarw,,Wonastow
1937,Llanwddyn,,Llanwddyn
1938,Llanwenarth,,Llanwenarth
1939,Llanwenog,,Llanwenog
1940,Llan-wern,,Llan-wern
1941,Llanwinio,,Llanwinio
1942,Llanwnda,,Llanwnda
1943,Llanwnda,,Llanwnda
1944,Llanwnnen,,Llanwnnen
1945,Llanwnnog,,Llanwnnog
1946,Llanwrda,,Llanwrda
1947,Llanwrin,,Llanwrin
1948,Llanwrthwl,,Llanwrthwl
1949,Llanwrtyd,,"Llanwrtyd Wells"
1950,Llanwyddelan,,Llanwyddelan
1951,Llanwynell,,Wolvesnewton
1952,Llanwynno,,Llanwynno
1953,Llanwytherin,,Llanvetherine
1954,Llan-y-bri,,Llan-y-bri
1955,Llanybydder,,Llanybydder
1956,Llan-y-cefn,,Llan-y-cefn
1957,Llanychâr,,Llanychâr
1958,Llanycil,,Llanycil
1959,Llan-y-crwys,,Llan-y-crwys
1960,Llanymawddwy,,Llanymawddwy
1961,Llanymddyfri,,Llandovery
1962,Llanymynech,,Llanymynech
1963,Llanynghenedl,,Llanynghenedl
1964,Llanynys,,Llanynys
1965,Llan-y-pwll,,Llan-y-pwll
1966,Llanyrafon,,Llanyrafon
1967,Llanystumdwy,,Llanystumdwy
1968,Llan-y-tair-mair,,Knelston
1969,Llan-y-wern,,Llan-y-wern
1970,Llawr-y-glyn,,Llawr-y-glyn
1971,Llecheiddior,,Llecheiddior
1972,Llechgynfarwy,,Llechgynfarwy
1973,Llechryd,,Llechryd
1974,Llechryd,,Llechryd
1975,Llechylched,,Llechylched
1976,Lledrod,,Lledrod
1977,Lledrod,,Lledrod
1978,Llethryd,,Llethryd
1979,Lletybrongu,,Lletybrongu
1980,Llidiadnennog,,Llidiadnennog
1981,Llidiard,,Litchard
1982,Llidiardau,,Llidiardau
1983,"Llidiart Annie",,"Llidiart Annie"
1984,"Llidiart y Barwn",,"Llidiart y Barwn"
1985,Llidiart-y-parc,,Llidiart-y-parc
1986,Llithfaen,,Llithfaen
1987,Lloc,,Lloc
1988,Llong,,Llong
1989,Llowes,,Llowes
1990,Llundain-fach,,Llundain-fach
1991,Llwydcoed,,Llwydcoed
1992,Llwynbedw,,Birchgrove
1993,Llwyncelyn,,Hollybush
1994,Llwyncelyn,,Llwyncelyn
1995,Llwyncelyn,,Llwyncelyn
1996,Llwyncelyn,,Llwyncelyn
1997,Llwyncelyn,,Llwyncelyn
1998,Llwyndafydd,,Llwyndafydd
1999,Llwynderw,,Llwynderw
2000,Llwyn-drain,,Llwyn-drain
2001,Llwyn-du,,Llwyn-du
2002,Llwyndyrys,,Llwyndyrys
2003,Llwyneinion,,Llwyneinion
2004,Llwyneliddon,,"St Lythans"
2005,Llwyn-gwern,,Llwyn-gwern
2006,Llwyngwril,,Llwyngwril
2007,Llwynhelyg,,Withybush
2008,Llwynhendy,,Llwynhendy
2009,Llwynhudol,,Llwynhudol
2010,Llwyni,,Lloyney
2011,Llwyn-mawr,,Llwyn-mawr
2012,Llwyn-onn,,Llwyn-onn
2013,Llwyn-onn,,Llwyn-onn
2014,Llwyn-teg,,Llwyn-teg
2015,Llwyn-y-brain,,Llwyn-y-brain
2016,Llwyn-y-gog,,Llwyn-y-gog
2017,Llwyn-y-groes,,Llwyn-y-groes
2018,Llwynypia,,Llwynypia
2019,Llwyn-yr-hwrdd,,Llwyn-yr-hwrdd
2020,Llynfaes,,Llynfaes
2021,Llynpenmaen,,Penmaen-pŵl
2022,Llysfaen,,Llysfaen
2023,Llys-faen,,Lisvane
2024,Llys-wen,,Llys-wen
2025,Llyswyrny,,Llysworney
2026,Llyswyry,,Lliswerry
2027,Llys-y-frân,,Llys-y-frân
2028,Llywel,,Llywel
2029,Llywernog,,Llywernog
2030,"Lock's Common",,"Lock's Common"
2031,Loggerheads,,Loggerheads
2032,Login,,Login
2033,Lôn-las,,Lôn-las
2034,Loveston,,Loveston
2035,"Lower Common",,"Lower Common"
2036,"Lower Freystrop",,"Lower Freystrop"
2037,Lowlands,,Lowlands
2038,Lunnon,,Lunnon
2039,Lydart,,Lydart
2040,Lydstep,,Lydstep
2041,Machen,,Machen
2042,"Machen Isaf",,"Lower Machen"
2043,Machroes,,Machroes
2044,Machynlleth,,Machynlleth
2045,Machynys,,Machynys
2046,"Maddox Moor",,"Maddox Moor"
2047,Maelienydd,,Maelienydd
2048,Maenaddwyn,,Maenaddwyn
2049,Maenan,,Maenan
2050,Maenclochog,,Maenclochog
2051,Maendy,,Maendy
2052,Maendy,,Maendy
2053,"Y Maendy",,Maindy
2054,Maenlle-gwaun,,Maenlle-gwaun
2055,Maenofferen,,Maenofferen
2056,Maenorbŷr,,Manorbier
2057,Maenordeilo,,Maenordeilo
2058,Maentwrog,,Maentwrog
2059,Maen-y-groes,,Maen-y-groes
2060,Maerdy,,Maerdy
2061,Maerdy,,Maerdy
2062,Maerdy,,Maerdy
2063,Maerun,,Marshfield
2064,Maesgeirchen,,Maesgeirchen
2065,Maes-glas,,Greenfield
2066,Maes-glas,,Maes-glas
2067,Maesglasau,,Maesglasau
2068,Maes-hafn,,Maes-hafn
2069,Maes-llyn,,Maes-llyn
2070,Maes-mawr,,Maes-mawr
2071,Maesmynys,,Maesmynys
2072,Maesteg,,Maesteg
2073,Maes-y-bont,,Maes-y-bont
2074,Maes-y-coed,,Maes-y-coed
2075,Maes-y-coed,,Woodfieldside
2076,Maesycrugiau,,Maesycrugiau
2077,Maesycrugiau,,Maesycrugiau
2078,Maesycwmwr,,Maesycwmer
2079,Maes-y-dre,,Maes-y-dre
2080,Maesyfed,,"New Radnor"
2081,Maesyffynnon,,Springfield
2082,Maesygwartha,,Maesygwartha
2083,Maesymeillion,,Maesymeillion
2084,Maesyronnen,,Maesyronnen
2085,Magwyr,,Magor
2086,"Maiden Wells",,"Maiden Wells"
2087,Malltraeth,,Malltraeth
2088,Mallwyd,,Mallwyd
2089,Malpas,,Malpas
2090,Mamheilad,,Mamheilad
2091,Manafon,,Manafon
2092,Man-moel,,Man-moel
2093,Manod,,Manod
2094,"Manorbier Newton",,"Manorbier Newton"
2095,Manorowen,,Manorowen
2096,Manselfield,,Manselfield
2097,Marchwiel,,Marchwiel
2098,Marcroes,,Marcross
2099,Marford,,Marford
2100,Margam,,Margam
2101,Marian,,Marian
2102,"Marian Cwm",,"Marian Cwm"
2103,Marian-glas,,Marian-glas
2104,Markham,,Markham
2105,Marloes,,Marloes
2106,Marros,,Marros
2107,Martletwy,,Martletwy
2108,Maryland,,Maryland
2109,"Mascle Bridge",,"Mascle Bridge"
2110,Mathern,,Mathern
2111,Mathri,,Mathri
2112,Mawdlam,,Mawdlam
2113,"May Hill",,"May Hill"
2114,Mayals,,Mayals
2115,Mayhill,,Mayhill
2116,Maypole,,Maypole
2117,Meidrim,,Meidrim
2118,Meifod,,Meifod
2119,Meisgyn,,Miskin
2120,"Melin Ifan Ddu",,Blackmill
2121,Melinau,,Melinau
2122,Melinbyrhedyn,,Melinbyrhedyn
2123,Melincaeach,,Melincaeach
2124,Melincryddan,,Melincryddan
2125,Melin-cwrt,,Melin-cwrt
2126,Melin-wynt,,Windmill
2127,Melin-y-coed,,Melin-y-coed
2128,Melin-y-wig,,Melin-y-wig
2129,Melltyn,,Mellington
2130,Merehead,,Merehead
2131,"Merlins Cross",,"Merlins Cross"
2132,Merthyr,,Merthyr
2133,"Merthyr Cynog",,"Merthyr Cynog"
2134,"Merthyr Dyfan",,"Merthyr Dyfan"
2135,"Merthyr Mawr",,"Merthyr Mawr"
2136,"Merthyr Tudful",,"Merthyr Tydfil"
2137,Mesur-y-dorth,,Mesur-y-dorth
2138,Middleton,,Middleton
2139,"Millin Cross",,"Millin Cross"
2140,Milo,,Milo
2141,Milwr,,Milwr
2142,Minffordd,,Minffordd
2143,Minffordd,,Minffordd
2144,Minllyn,,Minllyn
2145,Mochdre,,Mochdre
2146,Mochdre,,Mochdre
2147,"Moel Ddolwen",,"Moel Ddolwen"
2148,Moelfre,,Moelfre
2149,Moelfre,,Moelfre
2150,Moelfre,,Moelfre
2151,Moelyci,,Moelyci
2152,Moelycrio,,Moelycrio
2153,Monkton,,Monkton
2154,"Monmouth Cap",,"Monmouth Cap"
2155,Morfa,,Morfa
2156,Morfa,,Morfa
2157,Morfa,,Morfa
2158,"Morfa Bychan",,"Morfa Bychan"
2159,"Morfa Nefyn",,"Morfa Nefyn"
2160,Morfa-bach,,Morfa-bach
2161,Morfa-glas,,Morfa-glas
2162,Morgantown,,Morgantown
2163,Moriah,,Moriah
2164,Morristown,,Morristown
2165,Moss,,Moss
2166,Mostyn,,Mostyn
2167,"Y Mot",,"New Moat"
2168,Moulton,,Moulton
2169,"Mount Ballan",,"Mount Ballan"
2170,"Mount Pleasant",,"Mount Pleasant"
2171,"Mount Pleasant",,"Mount Pleasant"
2172,"Mount Sion",,"Mount Sion"
2173,"Mountain Hare",,"Mountain Hare"
2174,Mounton,,Mounton
2175,Murch,,Murch
2176,Murton,,Murton
2177,Musselwick,,Musselwick
2178,"Y Mwmbwls",,Mumbles
2179,Mwnt,,Mwnt
2180,Mwyndy,,Mwyndy
2181,Mwynglawdd,,Minera
2182,Myddfai,,Myddfai
2183,Myddynfych,,Myddynfych
2184,Mydroilyn,,Mydroilyn
2185,Mynachdy,,Mynachdy
2186,"Mynachlog Nedd",,"Neath Abbey"
2187,Mynachlog-ddu,,Mynachlog-ddu
2188,Mynwar,,Mynwear
2189,"Mynwent y Crynwyr",,"Quakers Yard"
2190,"Y Mynydd Bychan",,Heath
2191,"Mynydd Llandygái",,"Mynydd Llandygái"
2192,"Mynydd Mechell",,"Mynydd Mechell"
2193,Mynydd-bach,,Mynydd-bach
2194,Mynydd-bach,,Mynydd-bach
2195,Mynydd-bach-y-glo,,Mynydd-bach-y-glo
2196,Mynyddcerrig,,Mynyddcerrig
2197,Mynyddcynffig,,"Kenfig Hill"
2198,Mynyddisa,,Mynyddisa
2199,Mynyddislwyn,,Mynyddislwyn
2200,Mynydd-llan,,Mynydd-llan
2201,Mynydd-y-Fflint,,"Flint Mountain"
2202,Mynyddygarreg,,Mynyddygarreg
2203,Mynytho,,Mynytho
2204,Naid-y-march,,Naid-y-march
2205,Nanhoron,,Nanhoron
2206,Nanhyfer,,Nevern
2207,Nannerch,,Nannerch
2208,"Nant Bwlchyrhaearn",,"Nant Bwlchyrhaearn"
2209,Nantcwnlle,,Nantcwnlle
2210,Nant-ddu,,Nant-ddu
2211,Nanternis,,Nanternis
2212,Nantgaredig,,Nantgaredig
2213,Nantgarw,,Nantgarw
2214,Nant-glas,,Nant-glas
2215,Nantglyn,,Nantglyn
2216,Nantgwynant,,Nantgwynant
2217,Nantlle,,Nantlle
2218,Nantmel,,Nantmel
2219,Nantmor,,Nantmor
2220,Nantperis,,Nantperis
2221,Nant-y-bai,,Nant-y-bai
2222,Nant-y-bwch,,Nant-y-bwch
2223,Nant-y-cafn,,Nant-y-cafn
2224,Nant-y-caws,,Nant-y-caws
2225,Nantyceisiad,,Nantyceisiad
2226,Nantyderi,,Nantyderi
2227,Nantyfelin,,Nantyfelin
2228,Nant-y-ffin,,Nant-y-ffin
2229,Nantyffyllon,,Nantyffyllon
2230,Nant-y-glo,,Nant-y-glo
2231,Nant-y-moel,,Nant-y-moel
2232,Nantypandy,,Nantypandy
2233,Nantyrhibo,,Nantyrhibo
2234,Narth,,Narth
2235,Nasareth,,Nasareth
2236,Nebo,,Nebo
2237,Nebo,,Nebo
2238,Nebo,,Nebo
2239,Nebo,,Nebo
2240,Nefyn,,Nefyn
2241,Nelson,,Nelson
2242,Nercwys,,Nercwys
2243,Neuadd,,Neuadd
2244,"Neuadd Cross",,"Neuadd Cross"
2245,Neuadd-lwyd,,Neuadd-lwyd
2246,"New Brighton",,"New Brighton"
2247,"New Brighton",,"New Brighton"
2248,"New Broughton",,"New Broughton"
2249,"New Hedges",,"New Hedges"
2250,"New Inn",,"New Inn"
2251,"New Inn",,"New Inn"
2252,Newbridge,,Newbridge
2253,"Newbridge on Usk",,"Newbridge on Usk"
2254,Newton,,Newton
2255,"Newton Green",,"Newton Green"
2256,Newtown,,Newtown
2257,Neyland,,Neyland
2258,Nicholaston,,Nicholaston
2259,Niwbwrch,,Newborough
2260,Niwgwl,,Newgale
2261,Nolton,,Nolton
2262,Northville,,Northville
2263,Norton,,Norton
2264,Norton,,Norton
2265,Norton,,Norton
2266,Norton,,Norton
2267,Notais,,Nottage
2268,Oakdale,,Oakdale
2269,Oakenholt,,Oakenholt
2270,Oakfield,,Oakfield
2271,Ochrwyth,,Ochrwyth
2272,Ogwr,,Ogmore
2273,"Yr Olchfa",,"Yr Olchfa"
2274,"Old Furnace",,"Old Furnace"
2275,"Old Warren",,"Old Warren"
2276,Oldcastle,,Oldcastle
2277,Oldwalls,,Oldwalls
2278,Oldway,,Oldway
2279,Olmarch,,Olmarch
2280,Onllwyn,,Onllwyn
2281,Onnen,,Onnen
2282,"Yr Orsedd",,Rossett
2283,Osbaston,,Osbaston
2284,"Over Monnow",,"Over Monnow"
2285,Overton,,Overton
2286,Owrtyn,,Overton
2287,Oxwich,,Oxwich
2288,Padeswood,,Padeswood
2289,Palmerstown,,Palmerstown
2290,Pancross,,Pancross
2291,Pandy,,Pandy
2292,Pandy,,Pandy
2293,Pandy,,Pandy
2294,Pandy,,Pandy
2295,"Pandy Rhiwsaeson",,"Pandy Rhiwsaeson"
2296,"Pandy’r Capel",,"Pandy’r Capel"
2297,Pandytudur,,Pandytudur
2298,Pantasaph,,Pantasaph
2299,Pant-du,,Pant-du
2300,Pant-glas,,Pant-glas
2301,Pant-glas,,Pant-glas
2302,Pantlasau,,Pantlasau
2303,Pant-mawr,,Pant-mawr
2304,Pant-mawr,,Pant-mawr
2305,Pantolwen,,Pantolwen
2306,Pantperthog,,Pantperthog
2307,Pant-teg,,Pant-teg
2308,Pant-y-caws,,Pant-y-caws
2309,Pantycendy,,Pantycendy
2310,Pant-y-crug,,Pant-y-crug
2311,Pant-y-dŵr,,Pant-y-dŵr
2312,Pant-y-ffridd,,Pant-y-ffridd
2313,Pantyffynnon,,Pantyffynnon
2314,Pantygaseg,,Pantygaseg
2315,Pantygelli,,Pantygelli
2316,Pantygerdinen,,Ashvale
2317,Pant-y-gog,,Pant-y-gog
2318,Pantygoytre,,Pantygoytre
2319,Pant-y-graig-wen,,Pant-y-graig-wen
2320,Pant-y-mwyn,,Pant-y-mwyn
2321,Pantypwdyn,,Pantypwdyn
2322,Pantypyllau,,Pantypyllau
2323,Pantyrawel,,Pantyrawel
2324,Pant-y-Waco,,Pant-y-Waco
2325,Paradwys,,Paradwys
2326,Parc,,Parc
2327,"Parc Cathays",,"Cathays Park"
2328,"Parc Hendredenny",,"Hendredenny Park"
2329,"Parc Lansbury",,"Lansbury Park"
2330,"Parc Mawr",,"Parc Mawr"
2331,"Parc Seymour",,"Parc Seymour"
2332,"Parc Victoria",,"Victoria Park"
2333,"Parc Watford",,"Watford Park"
2334,"Parc y Rhath",,"Roath Park"
2335,Parciau,,Parkey
2336,Parc-llyn,,Parc-llyn
2337,Parc-y-rhiw,,Parc-y-rhiw
2338,Parc-y-rhos,,Parc-y-rhos
2339,"Park Lane",,"Park Lane"
2340,Parkhouse,,Parkhouse
2341,Parkmill,,Parkmill
2342,Parkside,,Parkside
2343,Parrog,,Parrog
2344,Patrisio,,Partrishow
2345,Pedair-ffordd,,Pedair-ffordd
2346,Pedair-hewl,,"Four Roads"
2347,Pelcomb,,Pelcomb
2348,"Pelcomb Bridge",,"Pelcomb Bridge"
2349,"Pelcomb Cross",,"Pelcomb Cross"
2350,Pemberton,,Pemberton
2351,"Pen Pyrod",,"Worm's Head"
2352,Pen-allt,,Pen-allt
2353,Penallta,,Penallta
2354,Penalun,,Penally
2355,Penantlliw,,Penantlliw
2356,Penarlâg,,Hawarden
2357,Penarth,,Penarth
2358,"Penarth Isaf",,"Lower Penarth"
2359,Penbodlas,,Penbodlas
2360,"Pen-bont Rhydybeddau",,"Pen-bont Rhydybeddau"
2361,Pen-boyr,,Pen-boyr
2362,Pen-bre,,Pen-bre
2363,Penbryn,,Penbryn
2364,Pencader,,Pencader
2365,Pencaenewydd,,Pencaenewydd
2366,Pencaerau,,Pencaerau
2367,Pencarnisiog,,Pencarnisiog
2368,Pencarreg,,Pencarreg
2369,Penceiliogi,,Penceiliogi
2370,Pencelli,,Pencelli
2371,Pen-clawdd,,Pen-clawdd
2372,Pencoed,,Pencoed
2373,Pencraig,,"Old Radnor"
2374,Pendderi,,Pendderi
2375,Penderyn,,Penderyn
2376,Pendeulwyn,,Pendoylan
2377,Pen-dre,,Pen-dre
2378,Pen-dre,,Pen-dre
2379,Penegoes,,Penegoes
2380,Pen-ffordd,,Pen-ffordd
2381,Penffordd-las,,Staylittle
2382,Penffordd-llan,,Penffordd-llan
2383,Penfro,,Pembroke
2384,Pengam,,Pengam
2385,Pengarn-ddu,,Pengarn-ddu
2386,Pengelli,,Grovesend
2387,Pengenffordd,,Pengenffordd
2388,Pengilfach,,Pengilfach
2389,Pengorffwysfa,,Pengorffwysfa
2390,Pengroeslon,,Pengroeslon
2391,Pengroesoped,,Pengroesoped
2392,Penhelyg,,Penhelyg
2393,Pen-hw,,Pen-how
2394,Peniel,,Peniel
2395,Peniel,,Peniel
2396,"Peniel Green",,"Peniel Green"
2397,Penisa'r-waun,,Penisa'r-waun
2398,Pen-lan,,Pen-lan
2399,Pen-lan,,Pen-lan
2400,Pen-lan,,Pen-lan
2401,Penlanmabws,,Penlanmabws
2402,Penlle'r-gaer,,Penlle'r-gaer
2403,Pen-llin,,Pen-llin
2404,Penllwyn,,Penllwyn
2405,Pen-llwyn,,Pen-llwyn
2406,Penmachno,,Penmachno
2407,Penmaen,,Penmaen
2408,Pen-maen,,Pen-maen
2409,Penmaenmawr,,Penmaenmawr
2410,Pen-marc,,Penmark
2411,Penmon,,Penmon
2412,Penmorfa,,Penmorfa
2413,Penmynydd,,Penmynydd
2414,Pennal,,Pennal
2415,Pennant,,Pennant
2416,Pennant,,Pennant
2417,"Pennant Melangell",,"Pennant Melangell"
2418,Pennar,,Pennar
2419,"Pennar Park",,"Pennar Park"
2420,Pennard,,Pennard
2421,Pennon,,Pennon
2422,Pennorth,,Pennorth
2423,Pen-parc,,Pen-parc
2424,Penparcau,,Penparcau
2425,Penpedairheol,,Penpedairheol
2426,Penpedairheol,,Penpedairheol
2427,Penpergwm,,Penpergwm
2428,Penperllenni,,Penperllenni
2429,Pen-plas,,Pen-plas
2430,Pen-pont,,Pen-pont
2431,Pen-prysg,,Pen-prysg
2432,Pen-rallt,,Pen-rallt
2433,Penrherber,,Penrherber
2434,Pen-rhiw,,Pen-rhiw
2435,Penrhiw-ceibr,,Penrhiw-ceibr
2436,Penrhiw-fawr,,Penrhiw-fawr
2437,Penrhiw-fer,,Penrhiw-fer
2438,Penrhiwgarreg,,Penrhiwgarreg
2439,Penrhiw-goch,,Penrhiw-goch
2440,Penrhiw-llan,,Penrhiw-llan
2441,Penrhiw-llech,,Penrhiw-llech
2442,Penrhiwnewydd,,Penrhiwnewydd
2443,Penrhiwpâl,,Penrhiwpâl
2444,Penrhiwtyn,,Penrhiwtyn
2445,Penrhos,,Penrhos
2446,Pen-rhos,,Pen-rhos
2447,Pen-rhos,,Pen-rhos
2448,Pen-rhos,,Pen-rhos
2449,Penrhosfeilw,,Penrhosfeilw
2450,Penrhosgarnedd,,Penrhosgarnedd
2451,Penrhosllugwy,,Penrhosllugwy
2452,"Penrhyn Castle",,"Penrhyn Castle"
2453,Penrhyn-coch,,Penrhyn-coch
2454,Penrhyndeudraeth,,Penrhyndeudraeth
2455,Pen-rhys,,Penrice
2456,Pen-rhys,,Pen-rhys
2457,Pen-sarn,,Pen-sarn
2458,Pen-sarn,,Pen-sarn
2459,Pen-sarn,,Pen-sarn
2460,Pentir,,Pentir
2461,Pentlepoir,,Pentlepoir
2462,Pentopyn,,Pentopyn
2463,Pentowin,,Pentowin
2464,Pentraeth,,Pentraeth
2465,Pentrapiod,,Pentrapiod
2466,Pentre,,Pentre
2467,Pentre,,Pentre
2468,Pentre,,Pentre
2469,Pentre,,Pentre
2470,Pentre,,Pentre
2471,Pentre,,Pentre
2472,"Pentre Berw",,"Pentre Berw"
2473,"Pentre Broughton",,"Pentre Broughton"
2474,"Pentre Elan",,"Elan Village"
2475,"Pentre Gwynfryn",,"Pentre Gwynfryn"
2476,"Pentre Helygain",,"Pentre Halkyn"
2477,"Pentre Llanrhaeadr",,"Pentre Llanrhaeadr"
2478,"Pentre Llifior",,"Pentre Llifior"
2479,"Pentre Llwyn-llwyd",,"Pentre Llwyn-llwyd"
2480,"Pentre Maelor",,"Pentre Maelor"
2481,"Pentre Tafarnyfedw",,"Pentre Tafarnyfedw"
2482,Pentre’r-beirdd,,Pentre’r-beirdd
2483,Pentre-bach,,Pentre-bach
2484,Pentre-bach,,Pentre-bach
2485,Pentre-bach,,Pentre-bach
2486,Pentre-bach,,Pentre-bach
2487,Pentre-bach,,Pentre-bach
2488,Pentrecagal,,Pentrecagal
2489,Pentrecelyn,,Pentrecelyn
2490,Pentre-chwyth,,Pentre-chwyth
2491,Pentre-cwrt,,Pentre-cwrt
2492,Pentredŵr,,Pentredŵr
2493,Pentredŵr,,Pentredŵr
2494,Pentrefelin,,Pentrefelin
2495,Pentrefelin,,Pentrefelin
2496,Pentrefelin,,Pentrefelin
2497,Pentrefelin,,Pentrefelin
2498,Pentrefelin,,Pentrefelin
2499,Pentrefelin,,Pentrefelin
2500,Pentrefoelas,,Pentrefoelas
2501,Pentref-y-groes,,Pentref-y-groes
2502,Pentregalar,,Pentregalar
2503,Pentregât,,Pentregât
2504,Pentregwenlais,,Pentregwenlais
2505,Pentre-llwyn,,Pentre-llwyn
2506,Pentremeirug,,"Pentre Meyrick"
2507,Pentremorgan,,Pentremorgan
2508,Pentrepiod,,Pentrepiod
2509,Pentre-poeth,,Pentre-poeth
2510,Pentre-poeth,,Pentre-poeth
2511,Pentre-poeth,,Pentre-poeth
2512,Pentre-poeth,,Morganstown
2513,Pentre-poeth,,Pentre-poeth
2514,"Pentre'r Eglwys",,"Church Village"
2515,Pentre'r-ardd,,"Garden Village"
2516,Pentre'r-bryn,,Pentre'r-bryn
2517,Pentre'r-felin,,Pentre'r-felin
2518,Pentre'rgaseg,,Pentre'rgaseg
2519,Pentre-rhew,,Pentre-rhew
2520,Pentre-uchaf,,Pentre-uchaf
2521,Pentre-waun,,Pentre-waun
2522,Pentrisil,,Pentrisil
2523,Pentwyn,,Pentwyn
2524,Pen-twyn,,Pen-twyn
2525,Pen-twyn,,Pen-twyn
2526,Pen-twyn,,Pen-twyn
2527,Pen-twyn,,Pen-twyn
2528,Pen-twyn,,Pen-twyn
2529,Pentwynberth-lwyd,,Pentwynberth-lwyd
2530,Pentwyn-mawr,,Pentwyn-mawr
2531,Pentyrch,,Pentyrch
2532,Pentyrch,,Pentyrch
2533,Pentywyn,,Pendine
2534,Pen-uwch,,Pen-uwch
2535,Pen-wyllt,,Pen-wyllt
2536,Penyard,,Penyard
2537,Pen-y-banc,,Pen-y-banc
2538,Pen-y-banc,,Pen-y-banc
2539,Pen-y-banc,,Pen-y-banc
2540,Pen-y-bedd,,Pen-y-bedd
2541,Pen-y-bont,,Pen-y-bont
2542,Pen-y-bont,,Pen-y-bont
2543,Pen-y-bont,,Pen-y-bont
2544,Pen-y-bont,,Pen-y-bont
2545,"Pen-y-bont ar Ogwr",,Bridgend
2546,"Pen-y-bont Llannerch Emrys",,"Pen-y-bont Llannerch Emrys"
2547,Pen-y-bont-fawr,,Pen-y-bont-fawr
2548,Pen-y-bryn,,Hilltop
2549,Pen-y-bryn,,Pen-y-bryn
2550,Pen-y-bryn,,Pen-y-bryn
2551,Pen-y-bryn,,Pen-y-bryn
2552,Pen-y-cae,,Pen-y-cae
2553,Pen-y-cae,,Pen-y-cae
2554,Pen-y-cae,,Pen-y-cae
2555,Pen-y-cae,,Pen-y-cae
2556,Pen-y-cae-mawr,,Pen-y-cae-mawr
2557,Pen-y-cefn,,Pen-y-cefn
2558,Penychain,,Penychain
2559,Pen-y-clawdd,,Pen-y-clawdd
2560,Penycoedcae,,Penycoedcae
2561,Pen-y-cwm,,Pen-y-cwm
2562,Penydarren,,Penydarren
2563,Pen-y-dre,,Pen-y-dre
2564,Pen-y-fai,,Pen-y-fai
2565,Pen-y-fai,,Pen-y-fai
2566,Pen-y-fan,,Pen-y-fan
2567,Pen-y-fan,,Pen-y-fan
2568,Pen-y-fan,,Pen-y-fan
2569,Penyfeidr,,Penyfeidr
2570,Pen-y-ffordd,,Pen-y-ffordd
2571,Pen-y-ffordd,,Pen-y-ffordd
2572,Pen-y-ffridd,,Pen-y-ffridd
2573,Pen-y-foel,,Pen-y-foel
2574,Pen-y-garn,,Pen-y-garn
2575,Pen-y-garn,,Pen-y-garn
2576,Pen-y-garn,,Pen-y-garn
2577,Penygarnedd,,Penygarnedd
2578,Penygarnedd,,Penygarnedd
2579,Penygelli,,Penygelli
2580,Pen-y-graig,,Pen-y-graig
2581,Pen-y-graig,,Pen-y-graig
2582,Pen-y-groes,,Pen-y-groes
2583,Pen-y-groes,,Pen-y-groes
2584,Pen-y-groes,,Pen-y-groes
2585,Pen-y-groes,,Pen-y-groes
2586,Pen-y-lan,,Pen-y-lan
2587,Penymynydd,,Penymynydd
2588,Pen-y-pound,,Pen-y-pound
2589,Penyraber,,Penyraber
2590,Penyrenglyn,,Penyrenglyn
2591,Penyrheol,,Penyrheol
2592,Penyrheol,,Penyrheol
2593,Penyrheol,,Penyrheol
2594,Penyrheol,,Penyrheol
2595,Penyrheol,,Penyrheol
2596,Penyrheol,,Penyrheol
2597,Pen-y-waun,,Pen-y-waun
2598,Pen-y-wern,,Pen-y-wern
2599,Perthcelyn,,Perthcelyn
2600,Phillipstown,,Phillipstown
2601,Pibwr-lwyd,,Pibwr-lwyd
2602,Picketston,,Picketston
2603,Picton,,Picton
2604,"Picton Ferry",,"Picton Ferry"
2605,"Y Pîl",,Pyle
2606,Pilgwenlli,,Pillgwenlly
2607,Pill,,Pill
2608,Pinged,,Pinged
2609,Pisgah,,Pisgah
2610,Pisgah,,Pisgah
2611,Pistyll,,Pistyll
2612,Pit,,Pit
2613,Pitcot,,Pitcot
2614,Pitton,,Pitton
2615,"Plain Dealings",,"Plain Dealings"
2616,"Plas Madog",,"Plas Madog"
2617,Plas-coch,,Plas-coch
2618,Plashett,,Plashett
2619,Plas-marl,,Plas-marl
2620,"Pleasant Valley",,"Pleasant Valley"
2621,Plwmp,,Plwmp
2622,Ponciau,,Ponciau
2623,"Pont Arberth",,"Narberth Bridge"
2624,"Pont Siôn Norton",,"Pont Siôn Norton"
2625,Pontaman,,Pontaman
2626,Pontantwn,,Pontantwn
2627,Pontardawe,,Pontardawe
2628,Pontarddulais,,Pontarddulais
2629,Pontarfynach,,"Devil's Bridge"
2630,Pontargothi,,Pontargothi
2631,Pontarllechau,,Pontarllechau
2632,Pont-ar-sais,,Pont-ar-sais
2633,Pontblyddyn,,Pontblyddyn
2634,Pontcanna,,Pontcanna
2635,Pontceri,,Pontceri
2636,Pont-dôl-goch,,Pont-dôl-goch
2637,Ponterwyd,,Ponterwyd
2638,Pontfadlen,,"Merlins Bridge"
2639,Pontfadog,,Pontfadog
2640,Pont-faen,,Pont-faen
2641,Pont-faen,,Pont-faen
2642,Pont-ffranc,,"Frank's Bridge"
2643,Pontgarreg,,Pontgarreg
2644,Pont-henri,,Pont-henri
2645,Pont-hir,,Pont-hir
2646,Pont-hirwaun,,Pont-hirwaun
2647,Pont-hwfa,,Pont-hwfa
2648,Pontiago,,Pontiago
2649,Pont-iets,,Pont-iets
2650,Pontithel,,Pontithel
2651,Pontllan-fraith,,Pontllan-fraith
2652,Pontllanio,,Pontllanio
2653,Pont-lliw,,Pont-lliw
2654,Pontllogel,,Pontllogel
2655,Pontllyfni,,Pontllyfni
2656,Pontlotyn,,Pontlotyn
2657,Pontmorlais,,Pontmorlais
2658,Pontnewydd,,Pontnewydd
2659,Pontnewydd,,Pontnewydd
2660,Pontnewynydd,,Pontnewynydd
2661,Pontprennau,,Pontprennau
2662,Pontrhydfendigaid,,Pontrhydfendigaid
2663,Pont-rhyd-y-bont,,"Four Mile Bridge"
2664,Pont-rhyd-y-ceirt,,Pont-rhyd-y-ceirt
2665,Pont-rhyd-y-cyff,,Pont-rhyd-y-cyff
2666,Pont-rhyd-y-fen,,Pont-rhyd-y-fen
2667,Pont-rhyd-y-groes,,Pont-rhyd-y-groes
2668,Pont-rhyd-yr-ynn,,Pont-rhyd-yr-ynn
2669,Pontrhythallt,,Pontrhythallt
2670,Pontrobert,,Pontrobert
2671,Pont-rug,,Pont-rug
2672,Pont-sarn,,Pont-sarn
2673,Pontsenni,,Sennybridge
2674,Pontsiân,,Pontsiân
2675,Pontsticill,,Pontsticill
2676,Pont-tyweli,,Pont-tyweli
2677,Pontwalby,,Pontwalby
2678,Pontyberem,,Pontyberem
2679,Pont-y-blew,,Pont-y-blew
2680,Pontybodkin,,Pontybodkin
2681,Pontybrenin,,Kingsbridge
2682,Pont-y-clun,,Pont-y-clun
2683,Pontycymer,,Pontycymer
2684,Pontyfelin,,Pontyfelin
2685,Pontyfelin,,Pontyfelin
2686,Pontyfenni,,Pontyfenni
2687,Pontyglasier,,Pontyglasier
2688,Pont-y-gof,,Pont-y-gof
2689,Pont-y-gwaith,,Pont-y-gwaith
2690,Pontymister,,Pontymister
2691,Pont-y-moel,,Pont-y-moel
2692,Pont-y-pant,,Pont-y-pant
2693,Pontypridd,,Pontypridd
2694,Pont-y-pŵl,,Pontypool
2695,Pontyrhafod,,Pontyrhafod
2696,Pont-y-rhyl,,Pont-y-rhyl
2697,Pontystrad,,Pontystrad
2698,Pont-y-waun,,Pont-y-waun
2699,"Port Lion",,"Port Lion"
2700,"Port Talbot",,"Port Talbot"
2701,"Port Tennant",,"Port Tennant"
2702,"Portfield Gate",,"Portfield Gate"
2703,Porth,,Porth
2704,"Porth Dinllaen",,"Porth Dinllaen"
2705,"Porth Penrhyn",,"Porth Penrhyn"
2706,"Porth Tywyn",,"Burry Port"
2707,Porthaethwy,,"Menai Bridge"
2708,Porthcawl,,Porthcawl
2709,Porthceri,,Porthkerry
2710,"Porthceri Isaf",,"Lower Porthkerry"
2711,Portheiddi,,Portheiddi
2712,Porth-gain,,Porth-gain
2713,Porthllechog,,"Bull Bay"
2714,Porthmadog,,Porthmadog
2715,Porthsgiwed,,Portskewett
2716,Porthyfelin,,Porthyfelin
2717,Porth-y-rhyd,,Porth-y-rhyd
2718,Porth-y-rhyd,,Porth-y-rhyd
2719,Portmead,,Portmead
2720,Portmeirion,,Portmeirion
2721,Post-mawr,,"Synod Inn"
2722,Poundffald,,Poundffald
2723,Poyston,,Poyston
2724,"Poyston Cross",,"Poyston Cross"
2725,Prendergast,,Prendergast
2726,Prendergast,,Prendergast
2727,Pren-gwyn,,Pren-gwyn
2728,Pren-teg,,Pren-teg
2729,Presgoed,,Presgoed
2730,Prestatyn,,Prestatyn
2731,"Price Town",,"Price Town"
2732,"Princes Gate",,"Princes Gate"
2733,Princetown,,Princetown
2734,Prion,,Prion
2735,Priory,,Priory
2736,Prysg,,Prisk
2737,Pump-hewl,,"Five Roads"
2738,Pumsaint,,Pumsaint
2739,Pwllcrochan,,Pwllcrochan
2740,Pwll-du,,Pwll-du
2741,Pwll-du,,Pwll-du
2742,Pwll-glas,,Pwll-glas
2743,Pwllgloyw,,Pwllgloyw
2744,Pwll-gwaun,,Pwll-gwaun
2745,Pwllheli,,Pwllheli
2746,Pwllhobi,,Pwllhobi
2747,Pwllmeurig,,Pwllmeurig
2748,Pwll-trap,,Pwll-trap
2749,Pwll-y-glaw,,Pwll-y-glaw
2750,Pwll-y-pant,,Pwll-y-pant
2751,Pwll-y-wrach,,Pwll-y-wrach
2752,"Pye Corner",,"Pye Corner"
2753,"Pyllau Bedwellte",,"Bedwellty Pits"
2754,Queensferry,,Queensferry
2755,Rachub,,Rachub
2756,Radur,,Radyr
2757,Radur,,Rhadyr
2758,Ram,,Ram
2759,"Ras Isaf",,"Lower Race"
2760,"Ras Uchaf",,"Upper Race"
2761,Redberth,,Redberth
2762,Redbrook,,Redbrook
2763,Redwick,,Redwick
2764,Refail,,Refail
2765,Resolfen,,Resolfen
2766,Reynalton,,Reynalton
2767,Reynoldston,,Reynoldston
2768,"Rhaeadr Gwy",,Rhayader
2769,Rhaglan,,Rhaglan
2770,Rhandir-mwyn,,Rhandir-mwyn
2771,"Y Rhath",,Roath
2772,Rhes-y-cae,,Rhes-y-cae
2773,Rhewl,,Rhewl
2774,Rhewl,,Rhewl
2775,Rhewl,,Rhewl
2776,"Rhewl Mostyn",,"Rhewl Mostyn"
2777,Rhewl-fawr,,Rhewl-fawr
2778,"Y Rhigos",,"Y Rhigos"
2779,Rhisga,,Risca
2780,Rhiw,,Rhiw
2781,"Y Rhiw",,"Y Rhiw"
2782,Rhiwabon,,Ruabon
2783,Rhiwbeina,Rhiwbina,Rhiwbina
2784,Rhiwbryfdir,,Rhiwbryfdir
2785,Rhiwceiliog,,Rhiwceiliog
2786,Rhiwderyn,,Rhiwderyn
2787,Rhiwinder,,Rhiwinder
2788,Rhiwlas,,Rhiwlas
2789,Rhiwlas,,Rhiwlas
2790,Rhiwlen,,Rhiwlen
2791,Rhiw'r-perrai,,Ruperra
2792,Rhiwsaeson,,Rhiwsaeson
2793,Rhodogeidio,,Rhodogeidio
2794,Rhos,,Rhos
2795,Rhos,,Rhos
2796,"Rhos Isaf",,"Rhos Isaf"
2797,Rhosaman,,Rhosaman
2798,Rhosbeirio,,Rhosbeirio
2799,Rhoscefn-hir,,Rhoscefn-hir
2800,Rhoscolyn,,Rhoscolyn
2801,Rhoscrowdder,,Rhoscrowdder
2802,Rhos-ddu,,Rhos-ddu
2803,Rhos-ddu,,Rhos-ddu
2804,Rhosdylluan,,Rhosdylluan
2805,Rhosesmor,,Rhosesmor
2806,Rhos-fach,,Rhos-fach
2807,Rhos-fawr,,Rhos-fawr
2808,Rhosgadfan,,Rhosgadfan
2809,Rhos-goch,,Rhos-goch
2810,Rhos-goch,,"Red Roses"
2811,Rhos-goch,,Rhos-goch
2812,Rhosgyll,,Rhosgyll
2813,Rhoshirwaun,,Rhoshirwaun
2814,Rhos-hyl,,Rhos-hyl
2815,Rhosili,,Rhosili
2816,Rhos-lan,,Rhos-lan
2817,Rhoslefain,,Rhoslefain
2818,Rhosllannerchrugog,,Rhosllannerchrugog
2819,Rhos-maen,,Rhos-maen
2820,Rhos-meirch,,Rhos-meirch
2821,Rhosneigr,,Rhosneigr
2822,Rhosnesni,,Rhosnesni
2823,Rhosrobin,,Rhosrobin
2824,Rhostrehwfa,,Rhostrehwfa
2825,Rhostryfan,,Rhostryfan
2826,Rhostyllen,,Rhostyllen
2827,Rhos-y-bol,,Rhos-y-bol
2828,Rhosybrithdir,,Rhosybrithdir
2829,Rhosycaerau,,Rhosycaerau
2830,Rhos-y-garth,,Rhos-y-garth
2831,Rhosygwaliau,,Rhosygwaliau
2832,Rhos-y-llan,,Rhos-y-llan
2833,Rhosymadoc,,Rhosymadoc
2834,Rhosymedre,,Rhosymedre
2835,Rhos-y-meirch,,Rhos-y-meirch
2836,Rhosyn-coch,,Rhosyn-coch
2837,Rhosypentref,,Rhosypentref
2838,Rhos-y-waun,,Rhos-y-waun
2839,Rhuallt,,Rhuallt
2840,Rhuddlan,,Rhuddlan
2841,Rhuddlan,,Rhuddlan
2842,Rhuthun,,Ruthin
2843,"Y Rhws",,Rhoose
2844,Rhyd,,Rhyd
2845,Rhydaman,,Ammanford
2846,Rhydargaeau,,Rhydargaeau
2847,Rhydcymerau,,Rhydcymerau
2848,Rhyd-ddu,,Rhyd-ddu
2849,Rhydfelen,,Rhydfelen
2850,Rhydgaled,,Chancery
2851,Rhyding,,Rhyding
2852,Rhydlafar,,Rhydlafar
2853,Rhydlewis,,Rhydlewis
2854,Rhydlios,,Rhydlios
2855,Rhydlydan,,Rhydlydan
2856,Rhydlydan,,Rhydlydan
2857,Rhydodyn,,Edwinsford
2858,Rhydowen,,Rhydowen
2859,Rhydowen,,Rhydowen
2860,Rhydri,,Rudry
2861,Rhydroser,,Rhydroser
2862,Rhydsarnau,,Rhydsarnau
2863,Rhyduchaf,,Rhyduchaf
2864,Rhyd-wen,,Rhyd-wen
2865,Rhydwilym,,Rhydwilym
2866,Rhyd-wyn,,Rhyd-wyn
2867,Rhyd-y-blew,,Carmeltown
2868,Rhyd-y-Brown,,Rhyd-y-Brown
2869,Rhyd-y-car,,Rhyd-y-car
2870,Rhydyclafdy,,Rhydyclafdy
2871,Rhydycroesau,,Rhydycroesau
2872,Rhydyfelin,,Rhydyfelin
2873,Rhydyfelin,,Rhydyfelin
2874,Rhyd-y-foel,,Rhyd-y-foel
2875,Rhyd-y-fro,,Rhyd-y-fro
2876,Rhydygele,,Rhydygele
2877,Rhyd-y-gwin,,Rhyd-y-gwin
2878,Rhydygwystl,,Rhydygwystl
2879,Rhyd-y-main,,Rhyd-y-main
2880,Rhyd-y-meirch,,Rhyd-y-meirch
2881,Rhydymeudwy,,Rhydymeudwy
2882,Rhyd-y-mwyn,,Rhyd-y-mwyn
2883,Rhydypandy,,Rhydypandy
2884,Rhydypennau,,Rhydypennau
2885,Rhydyronnen,,Rhydyronnen
2886,Rhyd-y-sarn,,Rhyd-y-sarn
2887,Rhyd-y-wrach,,Rhyd-y-wrach
2888,"Y Rhyl",,Rhyl
2889,Rhymni,,Rhymney
2890,Rhyndwyglydach,,Rhyndwyglydach
2891,Rhytalog,,Rhytalog
2892,Ridgeway,,Ridgeway
2893,Ridleywood,,Ridleywood
2894,Ringland,,Ringland
2895,"Robeston Back",,"Robeston Back"
2896,"Robeston Wathen",,"Robeston Wathen"
2897,"Robeston West",,"Robeston West"
2898,"Roch Gate",,"Roch Gate"
2899,Rockfield,,Rockfield
2900,Rogiet,,Rogiet
2901,"Rose Valley",,"Rose Valley"
2902,Rosebush,,Rosebush
2903,Rosemarket,,Rosemarket
2904,Rudbaxton,,Rudbaxton
2905,Sageston,,Sageston
2906,"Sain Dunwyd",,"St Donats"
2907,"Sain Ffagan",,"St Fagans"
2908,"Sain Nicolas",,"St Nicholas"
2909,"Sain Silian",,"St Julians"
2910,"Sain Tathan",,"St Athan"
2911,"Saint Andras",,"St Andrews Major"
2912,"Saint Harmon",,"Saint Harmon"
2913,"Saint Hilari",,"St Hilary"
2914,Saint-y-brid,,"St Brides Major"
2915,Saint-y-brid,,"St Brides Netherwent"
2916,Saint-y-nyll,,Saint-y-nyll
2917,"Saith Maen",,"Saith Maen"
2918,Salem,,Salem
2919,Salem,,Salem
2920,Saltmarsh,,Saltmarsh
2921,Saltney,,Saltney
2922,Sanclêr,,"St Clears"
2923,Sandfields,,Sandfields
2924,"Sandy Haven",,"Sandy Haven"
2925,"Sandy Lane",,"Sandy Lane"
2926,Sandycroft,,Sandycroft
2927,Sardis,,Sardis
2928,Sarn,,Sarn
2929,Sarn,,Sarn
2930,Sarn,,Sarn
2931,"Sarn Mellteyrn",,"Sarn Mellteyrn"
2932,Sarnau,,Sarnau
2933,Sarnau,,Sarnau
2934,Sarnau,,Sarnau
2935,Sarnau,,Sarnau
2936,Sarn-bach,,Sarn-bach
2937,Sarn-wen,,Sarn-wen
2938,Saron,,Saron
2939,Saron,,Saron
2940,Saron,,Saron
2941,Saron,,Saron
2942,Saundersfoot,,Saundersfoot
2943,"Y Sblot",,Splott
2944,Scleddau,,Scleddau
2945,Scurlage,,Scurlage
2946,Sealand,,Sealand
2947,Sebastopol,,Sebastopol
2948,Seion,,Seion
2949,Senghenydd,,Senghenydd
2950,Sgethrog,,Sgethrog
2951,Sgeti,,Sketty
2952,"Sgeti Isaf",,"Lower Sketty"
2953,Sgiwen,,Skewen
2954,"Y Sgwâr",,"Square and Compass"
2955,Sgwrfa,,Sgwrfa
2956,Shelf,,Shelf
2957,Shipping,,Shipping
2958,Shotton,,Shotton
2959,Shwt,,Shwt
2960,Sili,,Sully
2961,Silian,,Silian
2962,Siloh,,Siloh
2963,Silstwn,,Gileston
2964,Simpson,,Simpson
2965,"Simpson Cross",,"Simpson Cross"
2966,Singleton,,Singleton
2967,Singret,,Singret
2968,Sirhywi,,Sirhowy
2969,"Six Bells",,"Six Bells"
2970,Skerryford,,Skerryford
2971,Skokholm,,Skokholm
2972,Skomer,,Skomer
2973,Slade,,Slade
2974,Slebets,,Slebech
2975,Sling,,Sling
2976,Slough,,Slough
2977,Snatchwood,,Snatchwood
2978,Snead,,Snead
2979,Soar,,Soar
2980,Soar,,Soar
2981,Soar,,Soar
2982,Soar,,Soar
2983,Solfach,,Solva
2984,"Solfach Isaf",,"Lower Solva"
2985,"Solfach Uchaf",,"Upper Solva"
2986,Somerton,,Somerton
2987,Sonlli,,Sontley
2988,Southerndown,,Southerndown
2989,Southgate,,Southgate
2990,Southgate,,Southgate
2991,Southsea,,Southsea
2992,Southville,,Southville
2993,Spelter,,Spelter
2994,Spittal,,Spittal
2995,"St Dials",,"St Dials"
2996,"St Florence",,"St Florence"
2997,"St Thomas",,"St Thomas"
2998,Stanleytown,,Stanleytown
2999,Star,,Star
3000,Star,,Star
3001,"Star Hill",,"Star Hill"
3002,Staylittle,,Staylittle
3003,Stelvio,,Stelvio
3004,Stepaside,,Stepaside
3005,Stepaside,,Stepaside
3006,Steynton,,Steynton
3007,Stop-and-Call,,Stop-and-Call
3008,"Stow Park",,"Stow Park"
3009,Strytlydan,,Strytlydan
3010,Stryt-yr-hwch,,Stryt-yr-hwch
3011,Sudbrook,,Sudbrook
3012,"Summer Hill",,"Summer Hill"
3013,Summerhill,,Summerhill
3014,Summerleaze,,Summerleaze
3015,Summerleaze,,Summerleaze
3016,Sutton,,Sutton
3017,"Sutton Green",,"Sutton Green"
3018,Swanbridge,,Swanbridge
3019,Swffryd,,Swffryd
3020,Swyddffynnon,,Swyddffynnon
3021,Sychdyn,,Sychdyn
3022,Sydallt,,Sydallt
3023,Sylen,,Sylen
3024,Tabor,,Tabor
3025,Tafarnau-bach,,Tafarnau-bach
3026,Tafarn-sbeit,,Tafarn-sbeit
3027,Tafarn-y-bwlch,,Tafarn-y-bwlch
3028,Tafolwern,,Tafolwern
3029,Tai-bach,,Tai-bach
3030,Taigwynion,,Taigwynion
3031,Taimorfa,,Taimorfa
3032,Tai-nant,,Tai-nant
3033,Tai'r-gwaith,,Tai'r-gwaith
3034,Tai'rheol,,Tai'rheol
3035,Taironnen,,Taironnen
3036,Tai'rysgol,,Tai'rysgol
3037,Talachddu,,Talachddu
3038,Talacre,,Talacre
3039,Talardd,,Talardd
3040,Talbenny,,Talbenny
3041,Talerddig,,Talerddig
3042,Talgarreg,,Talgarreg
3043,Talgarth,,Talgarth
3044,Taliaris,,Taliaris
3045,Tallistown,,Tallistown
3046,Talog,,Talog
3047,Tal-sarn,,Tal-sarn
3048,Talsarnau,,Talsarnau
3049,Talweunydd,,Talweunydd
3050,Talwrn,,Talwrn
3051,Talwrn,,Talwrn
3052,"Talwrn Green",,"Tallarn Green"
3053,Tal-y-bont,,Tal-y-bont
3054,Tal-y-bont,,Tal-y-bont
3055,Tal-y-bont,,Tal-y-bont
3056,Tal-y-bont,,Buttington
3057,Tal-y-bont,,Tal-y-bont
3058,"Tal-y-bont ar Wysg",,Talybont-on-Usk
3059,Tal-y-cafn,,Tal-y-cafn
3060,Talyllychau,,Talley
3061,Tal-y-llyn,,Tal-y-llyn
3062,Tal-y-llyn,,Tal-y-llyn
3063,Tal-y-sarn,,Tal-y-sarn
3064,Tal-y-waun,,Tal-y-waun
3065,Tal-y-wern,,Tal-y-wern
3066,Tanerdy,,Tanerdy
3067,Tangiers,,Tangiers
3068,Tanglwst,,Tanglwst
3069,Tan-lan,,Tan-lan
3070,Tan-y-fron,,Tan-y-fron
3071,Tan-y-fron,,Tan-y-fron
3072,Tanygrisiau,,Tanygrisiau
3073,Tan-y-groes,,Tan-y-groes
3074,Tan-y-maes,,Tan-y-maes
3075,Tegryn,,Tegryn
3076,"Temple Bar",,"Temple Bar"
3077,"Temple Bar",,"Temple Bar"
3078,"Thomas Chapel",,"Thomas Chapel"
3079,Thomastown,,Thomastown
3080,Thorn,,Thorn
3081,Thornton,,Thornton
3082,"Three Fingers",,"Three Fingers"
3083,"Tiers Cross",,"Tiers Cross"
3084,"Tir Syr Walter",,"Tir Syr Walter"
3085,Tirabad,,Tirabad
3086,Tircanol,,Tircanol
3087,Tirdeunaw,,Tirdeunaw
3088,Tirpenry,,Tirpenry
3089,Tir-phil,,Tir-phil
3090,Tir-y-berth,,Tir-y-berth
3091,Tir-y-dail,,Tir-y-dail
3092,Tirymynach,,Tirymynach
3093,Tirymynach,,Tirymynach
3094,Tirymynach,,Tirymynach
3095,Ton,,Ton
3096,Tonbreigam,,Tonbreigam
3097,Ton-du,,Ton-du
3098,Tonfanau,,Tonfanau
3099,Tongwynlais,,Tongwynlais
3100,Ton-mawr,,Ton-mawr
3101,Tonna,,Tonna
3102,Tonpentre,,Tonpentre
3103,Ton-teg,,Ton-teg
3104,Tonypandy,,Tonypandy
3105,Tonypistyll,,Tonypistyll
3106,Tonyrefail,,Tonyrefail
3107,Tonysguboriau,,"Talbot Green"
3108,Townhill,,Townhill
3109,Towyn,,Towyn
3110,"Traeth Coch",,"Red Wharf Bay"
3111,"Traeth Mawr",,"Traeth Mawr"
3112,"Traeth Treco ",,"Trecco Bay"
3113,Trallong,,Trallong
3114,Trallwn,,Trallwn
3115,"Y Trallwng",,Welshpool
3116,Trannon,,Trannon
3117,"Y Transh",,Tranch
3118,Trap,,Trap
3119,"Travellers Rest",,"Travellers Rest"
3120,Trawsfynydd,,Trawsfynydd
3121,Trawsgoed,,Trawsgoed
3122,"Tre loan",,Johnstown
3123,"Tre Mostyn",,"Tre Mostyn"
3124,"Tre Taliesin",,"Tre Taliesin"
3125,Treadam,,Treadam
3126,Trealaw,,Trealaw
3127,Treamlod,,Ambleston
3128,Trearddur,,Trearddur
3129,Tre-Aubrey,,Tre-Aubrey
3130,Trebannog,,Trebannog
3131,Trebanos,,Trebanos
3132,Trebedw,,Trebedw
3133,Trebefered,,Boverton
3134,Treberfedd,,Middletown
3135,Tre-boeth,,Tre-boeth
3136,Trecastell,,Trecastell
3137,Trecelyn,,Newbridge
3138,Trecenydd,,Trecenydd
3139,Trecŵn,,Trecŵn
3140,Trecŵn,,Trecŵn
3141,Trecynon,,Trecynon
3142,Tre-ddu,,Blacktown
3143,Tredegar,,Tredegar
3144,"Tredegar Newydd",,"New Tredegar"
3145,Tredelerch,,Rumney
3146,Tredemel,,Templeton
3147,Tredodridge,,Tredodridge
3148,Tredogan,,Tredogan
3149,Tredomen,,Tredomen
3150,Tredomen,,Tredomen
3151,Tredŵr,,Waterton
3152,Tredwstan,,Tredwstan
3153,Tredynog,,Tredunnock
3154,"Tref Elliot",,"Elliot's Town"
3155,Tre-faes,,Tre-faes
3156,Trefaldwyn,,Montgomery
3157,Trefalun,,Trefalun
3158,Trefansel,,Manselton
3159,Trefaser,,Trefaser
3160,Trefddyn,,Trefethin
3161,Trefdraeth,,Trefdraeth
3162,Trefdraeth,,Newport
3163,Trefeca,,Trefeca
3164,Trefechan,,Trefechan
3165,Trefechan,,Trefechan
3166,Trefechan,,Trefechan
3167,Trefechan,,Trevaughan
3168,Trefeglwys,,Trefeglwys
3169,Trefeini,,Trefeini
3170,Trefeitha,,Trefeitha
3171,Trefelen,,Bletherston
3172,Trefenter,,Trefenter
3173,Trefesgob,,Bishton
3174,Trefflemin,,Flemingston
3175,Trefforest,,Trefforest
3176,Treffynnon,,Holywell
3177,Treffynnon,,Treffynnon
3178,Trefgarn,,Trefgarn
3179,Trefgarnowen,,Trefgarnowen
3180,Trefil,,Trefil
3181,Trefilan,,Trefilan
3182,Tre-fin,,Tre-fin
3183,Trefnannau,,Trefnannau
3184,Trefnant,,Trefnant
3185,Trefonnen,,Nash
3186,Trefor,,Trefor
3187,Trefor,,Trefor
3188,Trefor,,Trefor
3189,Treforgan,,Treforgan
3190,Treforys,,Morriston
3191,Trefriw,,Trefriw
3192,Trefwrdan,,Jordanston
3193,Trefyclo,,Knighton
3194,Trefynwy,,Monmouth
3195,Tregaean,,Tregaean
3196,Treganna,,Canton
3197,Tregaron,,Tregaron
3198,Tre-garth,,Tre-garth
3199,Tregatwg,,Cadoxton
3200,Tregeiriog,,Tregeiriog
3201,Tregele,,Tregele
3202,Tregetin,,Keeston
3203,Treginis,,Treginis
3204,Treglemais,,Treglemais
3205,Tre-goed,,Tregoyd
3206,Tre-gof,,Tre-gof
3207,Tregolwyn,,Colwinston
3208,Tre-groes,,Tre-groes
3209,Tre-groes,,Whitchurch
3210,Tregŵyr,,Gowerton
3211,Tregyddulan,,Tregyddulan
3212,Tregynnwr,,Tregynnwr
3213,Tregynon,,Tregynon
3214,Trehafod,,Trehafod
3215,Treharris,,Treharris
3216,Treherbert,,Treherbert
3217,Treherbert,,Treherbert
3218,Trehopcyn,,Hopkinstown
3219,Tre-hyl,,Tre-hill
3220,Trelái,,Ely
3221,Trelales,,Laleston
3222,Trelawnyd,,Trelawnyd
3223,Tre-lech,,Tre-lech
3224,"Tre-lech a'r Betws",,"Tre-lech a'r Betws"
3225,Treleddyd-fawr,,Treleddyd-fawr
3226,Trelerw,,Trelerw
3227,Treletert,,Letterston
3228,Trelewis,,Trelewis
3229,"Trellech Grange",,"Trellech Grange"
3230,Trelogan,,Trelogan
3231,Trelyn,,Fleur-de-lis
3232,Trelystan,,Trelystan
3233,Tremadog,,Tremadog
3234,Tre-main,,Tre-main
3235,Tremains,,Tremains
3236,Tremarchog,,"St Nicholas"
3237,Tremeirchion,,Tremeirchion
3238,Tremorfa,,Tremorfa
3239,Treopert,,Granston
3240,Tre-os,,Tre-os
3241,Treowen,,Treowen
3242,Treowen,,Treowen
3243,Tre-pit,,Tre-pit
3244,Tre'r-ddôl,,Tre'r-ddôl
3245,Tre'r-gaer,,Tre'r-gaer
3246,Trerhingyll,,Trerhingyll
3247,Tre'r-llai,,Leighton
3248,Tre'r-llan,,Tre'r-llan
3249,Tre-saith,,Tre-saith
3250,Tresalem,,Robertstown
3251,Tresigin,,Sigingstone
3252,Tresimwn,,Bonvilston
3253,Treteio,,Treteio
3254,Trethomas,,Trethomas
3255,Tretomas,,Thomastown
3256,Tretŵr,,Tretower
3257,Treuddyn,,Treuddyn
3258,Trewallter,,Walterston
3259,Tre-wen,,Tre-wen
3260,Trewern,,Trewern
3261,Trewiliam,,Williamstown
3262,Trewyddel,,Moylgrove
3263,Trewyddfa,,Trewyddfa
3264,Trewyn,,Trewyn
3265,Triffleton,,Triffleton
3266,Trimsaran,,Trimsaran
3267,Trinant,,Trinant
3268,Trisant,,Trisant
3269,Troedrhiw’r-clawdd,,Victoria
3270,Troedrhiwdalar,,Troedrhiwdalar
3271,Troedrhiw-gwair,,Troedrhiw-gwair
3272,Troedrhiw'r-fuwch,,Troedrhiw'r-fuwch
3273,Troed-yr-aur,,Troed-yr-aur
3274,Troed-y-rhiw,,Troed-y-rhiw
3275,Trofarth,,Trofarth
3276,"Trooper's Inn",,"Trooper's Inn"
3277,Trostre,,Trostre
3278,Trowbridge,,Trowbridge
3279,"Trwyn Larnog",,"Lavernock Point"
3280,Tryleg,,Trellech
3281,Tudweiliog,,Tudweiliog
3282,Tufton,,Tufton
3283,"The Tumble",,"The Tumble"
3284,"Twmpath Diwlith",,"Twmpath Diwlith"
3285,"Two Locks",,"Two Locks"
3286,"Twyn Wenallt",,"Twyn Wenallt"
3287,"Y Twyn",,Dukestown
3288,Twynallws,,Twynallws
3289,Twyncynhordy,,Twyncynhordy
3290,Twyndrysïog,,"Briery Hill"
3291,Twynllannan,,Twynllannan
3292,Twynyrargoed,,Twynyrargoed
3293,Twynyrodyn,,Twynyrodyn
3294,Twynyrodyn,,Twynyrodyn
3295,Twynysheriff,,Twynysheriff
3296,"Tŷ Sign",,"Tŷ Sign"
3297,Tŷ-canol,,Tŷ-canol
3298,Tŷ-coch,,Tŷ-coch
3299,Tŷ-croes,,Tŷ-croes
3300,Tŷ-croes,,Tŷ-croes
3301,Tŷ-crwyn,,Tŷ-crwyn
3302,Tyddewi,,"St Davids"
3303,Tŷ-draw,,Tŷ-draw
3304,Tŷ-du,,Rogerstone
3305,Tŷ-fry,,Tŷ-fry
3306,Tyla,,Tyla
3307,Tyla-gwyn,,Tyla-gwyn
3308,Tyle,,Tyle
3309,Tylegarw,,Tylegarw
3310,"Y Tyllgoed",,Fairwater
3311,Tŷ-llwyn,,Tŷ-llwyn
3312,Tylorstown,,Tylorstown
3313,Tylwch,,Tylwch
3314,Tŷ-mawr,,Tŷ-mawr
3315,"Y Tymbl",,"Y Tymbl"
3316,Tŷ-nant,,Tŷ-nant
3317,Tŷ-nant,,Tŷ-nant
3318,Tŷ-nant,,Tŷ-nant
3319,Tyndyrn,,Tintern
3320,Tynewydd,,Tynewydd
3321,Tynewydd,,Tynewydd
3322,Tynewydd,,Tynewydd
3323,Tyn'reithin,,Tyn'reithin
3324,Tyntetown,,Tyntetown
3325,Tyn-y-bryn,,Tyn-y-bryn
3326,Ty'n-y-coedcae,,Waterloo
3327,Tyn-y-cwm,,Tyn-y-cwm
3328,Tyn-y-ffordd,,Tyn-y-ffordd
3329,Tyn-y-garn,,Tyn-y-garn
3330,Tyn-y-gongl,,Tyn-y-gongl
3331,Tyn-y-graig,,Tyn-y-graig
3332,Tyn-y-groes,,Tyn-y-groes
3333,Tyn-y-maes,,Tyn-y-maes
3334,Tŷ'r-frân,,Tŷ'r-frân
3335,Tŷ-rhiw,,Tŷ-rhiw
3336,Tywyn,,Tywyn
3337,Tywyn,,Tywyn
3338,Ucheldre,,Ucheldre
3339,Underwood,,Underwood
3340,Uplands,,Uplands
3341,"Upper Nash",,"Upper Nash"
3342,"Upper Redbrook",,"Upper Redbrook"
3343,Uwchmynydd,,Uwchmynydd
3344,Uwch-y-coed,,Uwch-y-coed
3345,Uzmaston,,Uzmaston
3346,"The Valley",,"The Valley"
3347,"The Village",,"The Village"
3348,Wallington,,Wallington
3349,Wallis,,Wallis
3350,Wallston,,Wallston
3351,Walson,,Walson
3352,Walton,,Walton
3353,"Walton Green",,"Walton Green"
3354,"Waltwn, Dwyrain",,"Walton, East"
3355,"Waltwn, Gorllewin",,"Walton, West"
3356,Wal-wen,,Wal-wen
3357,Warren,,Warren
3358,Waterston,,Waterston
3359,Wattstown,,Wattstown
3360,Wattsville,,Wattsville
3361,Waun,,Waun
3362,Waun,,Waun
3363,Waun,,Waun
3364,"Waun Pentir",,"Waun Pentir"
3365,"Y Waun",,Gwernaffield
3366,"Y Waun",,Chirk
3367,Waunarlwydd,,Waunarlwydd
3368,Waunclunda,,Waunclunda
3369,Waun-deg,,Waun-deg
3370,Waun-fach,,Waun-fach
3371,Waunfawr,,Waunfawr
3372,Waunfawr,,Waunfawr
3373,Waunfelin,,Waunfelin
3374,Waungilwen,,Waungilwen
3375,Waun-gron,,Waun-gron
3376,Waun-gron,,Waun-gron
3377,Waunifor,,Waunifor
3378,Waunllapria,,Waunllapria
3379,Waun-lwyd,,Waun-lwyd
3380,Waun-wen,,Waun-wen
3381,Waun-wen,,Waun-wen
3382,Waun-wen,,Waun-wen
3383,Waun-y-clun,,Waun-y-clun
3384,"Wayne Green",,"Wayne Green"
3385,Wdig,,Goodwick
3386,"Welsh Hook",,"Welsh Hook"
3387,Wenallt,,Wenallt
3388,Wern,,Wern
3389,Wern,,Wern
3390,Wern-ddu,,Wern-ddu
3391,Wernffrwd,,Wernffrwd
3392,Wernolau,,Wernolau
3393,Wernrheolydd,,Wernrheolydd
3394,Wern-y-cwrt,,Wern-y-cwrt
3395,"West Bank",,"West Bank"
3396,"West Cross",,"West Cross"
3397,"West Denant",,"West Denant"
3398,"West End",,"West End"
3399,"West Side",,"West Side"
3400,"West Village",,"West Village"
3401,"West Williamston",,"West Williamston"
3402,Westra,,Westra
3403,Whitelye,,Whitelye
3404,Whiterock,,Whiterock
3405,"Whitewall Common",,"Whitewall Common"
3406,Whitewell,,Whitewell
3407,Whitson,,Whitson
3408,"Y Wig",,Wick
3409,Wig-fach,,Wig-fach
3410,Wilcrick,,Wilcrick
3411,Willowtown,,Willowtown
3412,Winchestown,,Winchestown
3413,Winllan,,Winllan
3414,Winsh-wen,,Winsh-wen
3415,Wolfsdale,,Wolfsdale
3416,Womaston,,Womaston
3417,Wood,,Wood
3418,Wooden,,Wooden
3419,Worthenbury,,Worthenbury
3420,Wrecsam,,Wrexham
3421,"Yr Wyddfa",,Snowdon
3422,"Yr Wyddgrug",,Mold
3423,Wyesham,,Wyesham
3424,Wyllie,,Wyllie
3425,Wyndham,,Wyndham
3426,"Wyndham Park",,"Wyndham Park"
3427,"Y Bermo",,Barmouth
3428,"Y Dafarn Newydd",,"New Inn"
3429,"Y Ddraenen",,Thornhill
3430,"Y Graig",,"The Rock"
3431,Yerbeston,,Yerbeston
3432,Ynys,,Ynys
3433,"Ynys Bŷr",,Caldey
3434,"Ynys Deullyn",,"Ynys Deullyn"
3435,"Ynys Dewi",,Ramsey
3436,"Ynys Enlli",,Bardsey
3437,"Ynys Isaf",,"Ynys Isaf"
3438,"Ynys y Barri",,"Barry Island"
3439,Ynys-boeth,,Ynys-boeth
3440,Ynys-ddu,,Ynys-ddu
3441,Ynys-fach,,Ynys-fach
3442,Ynysforgan,,Ynysforgan
3443,Ynysgynwraidd,,Skenfrith
3444,Ynys-hir,,Ynys-hir
3445,Ynys-las,,Ynys-las
3446,Ynysmaerdy,,Ynysmaerdy
3447,Ynysmeudwy,,Ynysmeudwy
3448,Ynysowen,,"Merthyr Vale"
3449,Ynystawe,,Ynystawe
3450,Ynys-wen,,Ynys-wen
3451,Ynys-y-bwl,,Ynys-y-bwl
3452,Ynys-y-gwas,,Ynys-y-gwas
3453,Ynysymaerdy,,Ynysymaerdy
3454,Ynysymwn,,Ynysymwn
3455,Ysbyty,,Ysbyty
3456,"Ysbyty Ifan",,"Ysbyty Ifan"
3457,"Ysbyty Ystwyth",,"Ysbyty Ystwyth"
3458,Ysgeifiog,,Ysgeifiog
3459,Ysgeifiog,,Ysgeifiog
3460,Ystagbwll,,Stackpole
3461,Ystalyfera,,Ystalyfera
3462,"Yr Ystog",,Churchstoke
3463,Ystrad,,Ystrad
3464,"Ystrad Mynach",,"Ystrad Mynach"
3465,Ystradaeron,,Ystradaeron
3466,Ystradfellte,,Ystradfellte
3467,Ystrad-fflur,,"Strata Florida"
3468,Ystradgynlais,,Ystradgynlais
3469,Ystradmeurig,,Ystradmeurig
3470,Ystradowen,,Ystradowen
3471,Ystradowen,,Ystradowen
3472,"Ystum Taf",,"Llandaf North"
3473,Ystumllwynarth,,Oystermouth
3474,Ystumtuen,,Ystumtuen
